ROI,Area,Mean,Min,Max,MinThr,MaxThr
0001-0001-0102,238.789,717.21,0,6517,0,65535
0001-0002-0388,277.632,2864.412,0,9822,0,65535
0001-0003-0429,330.06,11300.303,0,28934,0,65535
0001-0004-0468,263.199,11222.572,0,25870,0,65535
0001-0005-0475,195.277,4601.143,0,17226,0,65535
0001-0006-0526,236.879,3462.261,0,12956,0,65535
0001-0007-0544,419.208,9306.503,0,27040,0,65535
0001-0008-0639,256.831,2435.388,0,9478,0,65535
0001-0009-0786,231.785,2482.712,0,9753,0,65535
0001-0010-0816,732.075,7135.267,0,26248,0,65535
0002-0001-0023,193.154,535.816,0,8583,0,65535
0002-0002-0114,427.91,1252.425,0,5793,0,65535
0002-0003-0173,294.825,707.856,0,7033,0,65535
0002-0004-0346,247.704,797.674,0,6792,0,65535
0002-0005-0398,350.224,3.72,0,1110,0,65535
0002-0006-0459,179.357,601.44,0,14781,0,65535
0002-0007-0502,266.595,1576.123,0,18121,0,65535
0002-0008-0523,192.517,422.109,0,12818,0,65535
0002-0009-0540,206.526,43.768,0,4829,0,65535
0002-0010-0572,259.803,292.766,0,4450,0,65535
0002-0011-0577,233.483,1318.413,0,15332,0,65535
0002-0012-0583,285.698,2603.932,0,12612,0,65535
0002-0013-0590,239.426,366.092,0,14299,0,65535
0002-0014-0604,212.682,2355.687,0,12233,0,65535
0002-0015-0625,272.75,1146.234,0,17467,0,65535
0002-0016-0655,181.268,207.583,0,7515,0,65535
0002-0017-0694,258.742,1098.147,0,22770,0,65535
0002-0018-0746,387.369,6.138,0,1868,0,65535
0002-0019-0749,486.281,2228.693,0,26489,0,65535
0002-0020-0760,251.949,4354.375,0,25663,0,65535
0002-0021-0778,385.247,1293.848,0,23425,0,65535
0002-0022-0803,151.552,429.38,0,13266,0,65535
0002-0023-0856,244.733,14559.33,0,42640,0,65535
0002-0024-0893,167.471,1781.365,0,11028,0,65535
0003-0001-0076,230.087,3.031,0,766,0,65535
0003-0002-0096,208.437,87.005,0,2694,0,65535
0003-0003-0307,143.274,435.846,0,9753,0,65535
0003-0004-0334,525.549,15150.906,0,44155,0,65535
0003-0005-0590,662.242,3899.997,0,17880,0,65535
0003-0006-0770,224.78,3432.706,0,13335,0,65535
0003-0007-0870,196.55,4732.151,0,23356,0,65535
0003-0008-0882,166.41,886.213,0,7309,0,65535
0004-0001-0096,412.628,2913.396,0,16055,0,65535
0004-0002-0195,462.508,968.609,0,19223,0,65535
0004-0003-0331,539.77,1189.186,0,16021,0,65535
0004-0004-0329,196.762,395.56,0,25594,0,65535
0004-0005-0345,251.949,6358.198,0,23356,0,65535
0004-0006-0359,145.184,707.962,0,9099,0,65535
0004-0007-0403,304.377,12764.611,0,34306,0,65535
0004-0008-0418,263.836,2870.677,0,24285,0,65535
0004-0009-0425,184.451,6373.694,0,17880,0,65535
0004-0010-0442,144.335,1525.384,0,11062,0,65535
0004-0011-0470,819.525,1613.956,0,65535,0,65535
0004-0012-0454,103.369,7929.273,0,17639,0,65535
0004-0013-0466,247.28,368.5,0,10304,0,65535
0004-0014-0466,135.632,7451.815,0,21117,0,65535
0004-0015-0526,234.756,1476.331,0,11785,0,65535
0004-0016-0526,235.605,589.05,0,14678,0,65535
0004-0017-0526,166.41,6618.214,0,19671,0,65535
0004-0018-0541,204.191,7311.034,0,18776,0,65535
0004-0019-0562,230.724,758.603,0,9512,0,65535
0004-0020-0601,103.369,123.15,0,2315,0,65535
0004-0021-0637,222.658,593.84,0,11751,0,65535
0004-0022-0633,226.054,3188.889,0,15298,0,65535
0004-0023-0710,328.999,9595.76,0,31999,0,65535
0004-0024-0742,226.266,233.321,0,8238,0,65535
0004-0025-0944,257.256,71.316,0,4864,0,65535
0005-0001-0020,311.381,45.16,0,3831,0,65535
0005-0002-0013,172.565,80.908,0,3589,0,65535
0005-0003-0014,166.622,8.755,0,1799,0,65535
0005-0004-0060,482.461,160.339,0,4347,0,65535
0005-0005-0057,107.402,93.277,0,4519,0,65535
0005-0006-0092,234.969,60.301,0,4416,0,65535
0005-0007-0095,464.843,511.527,0,9719,0,65535
0005-0008-0088,457.414,18.551,0,3589,0,65535
0005-0009-0105,247.916,148.172,0,4932,0,65535
0005-0010-0122,327.088,16.533,0,1833,0,65535
0005-0011-0128,161.952,287.385,0,5415,0,65535
0005-0012-0137,175.749,172.221,0,3934,0,65535
0005-0013-0144,252.374,113.512,0,5759,0,65535
0005-0014-0184,271.901,58.835,0,3934,0,65535
0005-0015-0191,415.812,1093.109,0,18845,0,65535
0005-0016-0209,253.86,129.472,0,6413,0,65535
0005-0017-0208,200.795,64.225,0,3417,0,65535
0005-0018-0229,609.39,604.659,0,7584,0,65535
0005-0019-0229,585.405,3714.917,0,25904,0,65535
0005-0020-0235,215.229,670.828,0,6964,0,65535
0005-0021-0257,443.405,245.408,0,6138,0,65535
0005-0022-0267,113.558,0,0,0,0,65535
0005-0023-0285,368.478,812.479,0,9030,0,65535
0005-0024-0318,422.18,187.096,0,7653,0,65535
0005-0025-0376,636.135,63.314,0,8548,0,65535
0005-0026-0398,530.006,4738.154,0,17364,0,65535
0005-0027-0395,357.653,31.714,0,2488,0,65535
0005-0028-0395,193.579,48.814,0,4519,0,65535
0005-0029-0424,579.25,242.902,0,6585,0,65535
0005-0030-0428,304.589,284.002,0,9995,0,65535
0005-0031-0449,564.392,795.953,0,8479,0,65535
0005-0032-0449,410.293,454.039,0,7136,0,65535
0005-0033-0450,273.387,130.867,0,11957,0,65535
0005-0034-0450,190.395,114.944,0,4657,0,65535
0005-0035-0475,663.304,229.382,0,7033,0,65535
0005-0036-0484,909.098,116.156,0,6930,0,65535
0005-0037-0477,369.328,630.666,0,6275,0,65535
0005-0038-0482,145.821,0,0,0,0,65535
0005-0039-0495,386.945,1692.368,0,12612,0,65535
0005-0040-0510,184.876,28.362,0,3762,0,65535
0005-0041-0511,129.901,1.377,0,594,0,65535
0005-0042-0516,224.78,1671.064,0,9030,0,65535
0005-0043-0536,256.407,1607.721,0,8961,0,65535
0005-0044-0547,158.132,6.788,0,1351,0,65535
0005-0045-0558,374.846,219.817,0,7825,0,65535
0005-0046-0554,187.423,296.265,0,7240,0,65535
0005-0047-0555,269.991,1619.492,0,12577,0,65535
0005-0048-0575,555.689,3769.427,0,18156,0,65535
0005-0049-0579,334.73,1063.614,0,22047,0,65535
0005-0050-0604,243.459,497.743,0,8755,0,65535
0005-0051-0617,257.68,98.622,0,6758,0,65535
0005-0052-0640,162.801,717.119,0,8720,0,65535
0005-0053-0675,172.777,14.26,0,2556,0,65535
0005-0054-0674,240.912,80.963,0,6551,0,65535
0005-0055-0677,235.181,76.04,0,4623,0,65535
0005-0056-0684,289.307,95.92,0,8927,0,65535
0005-0057-0693,186.786,151.299,0,4485,0,65535
0005-0058-0705,216.078,395.755,0,6207,0,65535
0005-0059-0710,212.469,636.731,0,7205,0,65535
0005-0060-0722,227.964,26.961,0,3589,0,65535
0005-0061-0752,721.462,520.93,0,7997,0,65535
0005-0062-0739,222.021,590.088,0,6517,0,65535
0005-0063-0744,200.583,112.431,0,6103,0,65535
0005-0064-0757,183.178,74.587,0,4003,0,65535
0005-0065-0768,103.582,1.658,0,594,0,65535
0005-0066-0782,392.039,72.179,0,6551,0,65535
0005-0067-0779,212.045,242.781,0,9926,0,65535
0005-0068-0778,212.045,110.956,0,4588,0,65535
0005-0069-0800,837.355,1829.549,0,11613,0,65535
0005-0070-0804,222.658,9.253,0,2315,0,65535
0005-0071-0819,189.758,969.728,0,10098,0,65535
0005-0072-0818,268.718,120.086,0,6379,0,65535
0005-0073-0820,211.62,32.761,0,2763,0,65535
0005-0074-0877,334.305,277.964,0,6861,0,65535
0005-0075-0880,302.042,125.025,0,5931,0,65535
0005-0076-0882,191.668,9.25,0,2453,0,65535
0005-0077-0905,243.884,766.916,0,17364,0,65535
0005-0078-0926,418.147,31.053,0,5587,0,65535
0005-0079-0922,212.045,74.338,0,3107,0,65535
0005-0080-0953,254.496,106.212,0,6103,0,65535
0005-0081-0955,185.301,88.141,0,5242,0,65535
0005-0082-0963,262.35,37.125,0,4278,0,65535
0005-0083-1008,253.435,3.66,0,1248,0,65535
0005-0084-1008,262.562,1.251,0,766,0,65535
0005-0085-1015,281.878,23.529,0,3417,0,65535
0005-0086-1027,104.006,200.535,0,5931,0,65535
0006-0001-0018,237.94,123.962,0,6275,0,65535
0006-0002-0029,255.982,35.638,0,4037,0,65535
0006-0003-0021,132.661,1150.072,0,10511,0,65535
0006-0004-0096,281.453,203.1,0,10304,0,65535
0006-0005-0106,470.574,1104.613,0,8617,0,65535
0006-0006-0120,320.721,322.082,0,11303,0,65535
0006-0007-0120,273.175,41.354,0,4416,0,65535
0006-0008-0139,251.949,123.408,0,9375,0,65535
0006-0009-0147,165.985,420.187,0,15126,0,65535
0006-0010-0154,316.475,33.626,0,4657,0,65535
0006-0011-0159,161.103,2957.356,0,18948,0,65535
0006-0012-0191,341.522,486.295,0,7653,0,65535
0006-0013-0204,265.534,80.424,0,8238,0,65535
0006-0014-0248,216.502,247.695,0,12749,0,65535
0006-0015-0250,249.827,1094.398,0,10787,0,65535
0006-0016-0278,321.145,62.864,0,7067,0,65535
0006-0017-0270,146.033,678.446,0,8893,0,65535
0006-0018-0276,215.441,631.324,0,6689,0,65535
0006-0019-0280,182.117,222.994,0,7756,0,65535
0006-0020-0316,206.102,931.123,0,15022,0,65535
0006-0021-0331,458.051,357.904,0,13059,0,65535
0006-0022-0339,149.641,800.574,0,12474,0,65535
0006-0023-0377,227.54,7031.173,0,28280,0,65535
0006-0024-0413,323.48,1410.691,0,16159,0,65535
0006-0025-0416,271.689,996.153,0,11131,0,65535
0006-0026-0415,210.984,165.588,0,9581,0,65535
0006-0027-0436,499.229,559.297,0,16572,0,65535
0006-0028-0435,276.783,223.738,0,9375,0,65535
0006-0029-0441,175.537,200.291,0,8101,0,65535
0006-0030-0453,213.531,720.268,0,14850,0,65535
0006-0031-0495,300.344,480.426,0,12577,0,65535
0006-0032-0505,222.021,346.126,0,8927,0,65535
0006-0033-0518,267.232,411.766,0,19947,0,65535
0006-0034-0530,327.088,229.747,0,13955,0,65535
0006-0035-0541,333.668,328.867,0,7481,0,65535
0006-0036-0538,260.44,178.054,0,10924,0,65535
0006-0037-0559,389.28,363.963,0,9375,0,65535
0006-0038-0561,260.864,814.355,0,14609,0,65535
0006-0039-0608,586.679,103.094,0,10236,0,65535
0006-0040-0605,281.665,376.345,0,9891,0,65535
0006-0041-0638,456.141,4822.843,0,15814,0,65535
0006-0042-0672,345.767,356.286,0,9926,0,65535
0006-0043-0683,267.656,4115.404,0,24492,0,65535
0006-0044-0735,271.265,478.056,0,13094,0,65535
0006-0045-0751,178.721,702.552,0,15470,0,65535
0006-0046-0767,375.271,433.219,0,19155,0,65535
0006-0047-0802,404.562,464.029,0,13645,0,65535
0006-0048-0836,365.082,152.013,0,11096,0,65535
0006-0049-0847,318.598,312.774,0,13404,0,65535
0006-0050-0868,299.707,1310.563,0,13920,0,65535
0006-0051-0875,572.882,108.924,0,12612,0,65535
0006-0052-0876,393.313,309.313,0,16227,0,65535
0006-0053-0911,267.656,224.182,0,13300,0,65535
0006-0054-0946,231.573,1812.257,0,16710,0,65535
0006-0055-0958,274.661,340,0,11028,0,65535
0006-0056-0974,271.052,408.796,0,12956,0,65535
0006-0057-1009,224.78,167.056,0,7963,0,65535
0006-0058-1018,133.934,308.987,0,5139,0,65535
0006-0059-1023,160.042,1308.11,0,27316,0,65535
0006-0060-1030,112.921,402.081,0,10270,0,65535
0007-0001-0108,249.402,78.338,0,5483,0,65535
0007-0002-0248,311.169,1987.006,0,12681,0,65535
0007-0003-0262,138.816,101.506,0,4450,0,65535
0007-0004-0257,161.952,28.358,0,5724,0,65535
0007-0005-0286,127.142,115.92,0,3417,0,65535
0007-0006-0328,302.891,6850.612,0,17639,0,65535
0007-0007-0340,174.263,1611.509,0,9340,0,65535
0007-0008-0361,326.876,349.841,0,7446,0,65535
0007-0009-0351,163.226,67.84,0,4003,0,65535
0007-0010-0360,191.881,3.14,0,1110,0,65535
0007-0011-0365,137.33,928.941,0,9512,0,65535
0007-0012-0382,295.462,1121.219,0,8101,0,65535
0007-0013-0380,146.033,56.974,0,2832,0,65535
0007-0014-0412,201.644,1020.538,0,11475,0,65535
0007-0015-0441,191.881,12160.313,0,32963,0,65535
0007-0016-0448,224.568,3770.73,0,12543,0,65535
0007-0017-0486,416.661,54.506,0,11062,0,65535
0007-0018-0503,283.151,810.09,0,7584,0,65535
0007-0019-0514,150.915,2741.475,0,17329,0,65535
0007-0020-0541,455.504,13035.953,0,28418,0,65535
0007-0021-0561,157.707,951.397,0,7102,0,65535
0007-0022-0601,166.834,351.833,0,3383,0,65535
0007-0023-0615,264.685,2868.363,0,13128,0,65535
0007-0024-0787,193.154,2915.409,0,13438,0,65535
0007-0025-0825,268.081,2100.442,0,11647,0,65535
0007-0026-0833,300.981,130.221,0,6000,0,65535
0007-0027-0866,240.275,39.028,0,3245,0,65535
0007-0028-0880,398.407,480.93,0,7067,0,65535
0007-0029-0894,169.806,104.81,0,3865,0,65535
0007-0030-0909,181.904,3749.756,0,17433,0,65535
0007-0031-0937,234.332,660.265,0,7067,0,65535
0007-0032-0960,257.892,13.042,0,2763,0,65535
0007-0033-1000,215.017,5121.036,0,20153,0,65535
0007-0034-1008,225.629,0.914,0,972,0,65535
0007-0035-1026,126.93,0,0,0,0,65535
0008-0001-0028,155.16,0,0,0,0,65535
0008-0002-0030,285.486,0,0,0,0,65535
0008-0003-0062,222.658,0,0,0,0,65535
0008-0004-0138,451.259,7.516,0,1179,0,65535
0008-0005-0167,271.265,0,0,0,0,65535
0008-0006-0189,243.034,0,0,0,0,65535
0008-0007-0228,363.172,3.791,0,2178,0,65535
0008-0008-0265,199.31,0,0,0,0,65535
0008-0009-0442,331.546,3.855,0,1661,0,65535
0008-0010-0590,380.153,0,0,0,0,65535
0008-0011-0601,521.728,1.611,0,1971,0,65535
0008-0012-0646,375.483,0.633,0,594,0,65535
0008-0013-0672,314.141,2.878,0,1730,0,65535
0008-0014-0773,104.855,0,0,0,0,65535
0008-0015-0833,378.879,146.78,0,4623,0,65535
0008-0016-0887,992.09,0,0,0,0,65535
0008-0017-0950,410.081,14.296,0,12371,0,65535
0009-0001-0017,205.889,0,0,0,0,65535
0009-0002-0030,324.541,0,0,0,0,65535
0009-0003-0088,503.474,17.145,0,3314,0,65535
0009-0004-0077,133.51,0,0,0,0,65535
0009-0005-0280,480.338,0,0,0,0,65535
0009-0006-0298,385.884,8.749,0,2866,0,65535
0009-0007-0369,534.676,0.003,0,8,0,65535
0009-0008-0447,421.967,0,0,0,0,65535
0009-0009-0500,268.293,19.388,0,4519,0,65535
0009-0010-0513,336.428,2.9,0,3658,0,65535
0009-0011-0716,339.824,0,0,0,0,65535
0009-0012-0805,301.193,6.155,0,3348,0,65535
0009-0013-0848,310.32,0,0,0,0,65535
0009-0014-0861,332.819,0.027,0,43,0,65535
0009-0015-0929,771.767,0,0,0,0,65535
0009-0016-0963,488.616,0,0,0,0,65535
0009-0017-0991,222.446,0,0,0,0,65535
0010-0001-0195,241.549,0.431,0,490,0,65535
0010-0002-0222,477.154,2.709,0,1282,0,65535
0010-0003-0287,397.982,22.895,0,2763,0,65535
0010-0004-0291,455.292,0.866,0,1213,0,65535
0010-0005-0319,501.351,0,0,0,0,65535
0010-0006-0376,767.522,0,0,0,0,65535
0010-0007-0442,338.338,0,0,0,0,65535
0010-0008-0444,274.236,0.732,0,938,0,65535
0010-0009-0466,313.504,0.169,0,249,0,65535
0010-0010-0478,293.552,0,0,0,0,65535
0010-0011-0478,193.579,0,0,0,0,65535
0010-0012-0502,131.599,0,0,0,0,65535
0010-0013-0541,263.623,0,0,0,0,65535
0010-0014-0595,268.93,0.006,0,8,0,65535
0010-0015-0658,766.461,2.887,0,1833,0,65535
0010-0016-0639,254.284,0,0,0,0,65535
0010-0017-0703,215.441,0,0,0,0,65535
0010-0018-0748,506.233,0,0,0,0,65535
0010-0019-0759,340.036,31.175,0,5415,0,65535
0010-0020-0765,348.951,1.136,0,594,0,65535
0010-0021-0926,297.16,0,0,0,0,65535
0010-0022-0987,590.287,0,0,0,0,65535
0011-0001-0197,173.839,2656.074,0,13748,0,65535
0011-0002-0337,238.577,7280.818,0,21565,0,65535
0011-0003-0411,188.484,4897.462,0,18672,0,65535
0011-0004-0428,542.105,41.575,0,3796,0,65535
0011-0005-0418,201.432,9644.427,0,34616,0,65535
0011-0006-0478,225.629,695.376,0,6310,0,65535
0011-0007-0499,250.463,948.625,0,6103,0,65535
0011-0008-0528,147.731,1043.776,0,5897,0,65535
0011-0009-0531,281.665,3119.013,0,44258,0,65535
0011-0010-0573,370.177,406.451,0,5690,0,65535
0011-0011-0588,168.532,9.338,0,1317,0,65535
0011-0012-0605,264.897,295.15,0,10408,0,65535
0011-0013-0617,222.021,253.262,0,3658,0,65535
0011-0014-0685,377.606,114.619,0,4795,0,65535
0011-0015-0805,226.478,4349.054,0,21737,0,65535
0011-0016-0813,132.873,5010.738,0,14299,0,65535
0011-0017-0825,326.239,4709.338,0,19361,0,65535
0011-0018-0849,180.631,5495.375,0,12956,0,65535
0011-0019-0886,134.996,0,0,0,0,65535
0011-0020-0923,460.386,1276.568,0,10890,0,65535
0011-0021-0965,563.755,705.752,0,7240,0,65535
0011-0022-0971,241.124,1582.893,0,7825,0,65535
0011-0023-0999,185.725,1284.631,0,8066,0,65535
0012-0001-0023,342.583,0,0,0,0,65535
0012-0002-0021,345.555,0.111,0,180,0,65535
0012-0003-0141,476.305,0.049,0,111,0,65535
0012-0004-0236,384.186,0,0,0,0,65535
0012-0005-0291,259.803,0,0,0,0,65535
0012-0006-0283,121.836,218.408,0,5724,0,65535
0012-0007-0364,322.419,0,0,0,0,65535
0012-0008-0384,279.118,0.006,0,8,0,65535
0012-0009-0445,521.94,0,0,0,0,65535
0012-0010-0468,350.012,0,0,0,0,65535
0012-0011-0484,324.966,95.875,0,3727,0,65535
0012-0012-0502,289.731,18.69,0,1592,0,65535
0012-0013-0615,228.813,4.534,0,2729,0,65535
0012-0014-0651,390.341,0,0,0,0,65535
0012-0015-0780,328.786,0,0,0,0,65535
0012-0016-0790,415.6,0,0,0,0,65535
0012-0017-0804,160.254,0,0,0,0,65535
0012-0018-0816,125.232,0,0,0,0,65535
0012-0019-0823,120.987,0,0,0,0,65535
0012-0020-0992,599.414,2.382,0,2246,0,65535
0013-0001-0182,318.174,2919.889,0,19533,0,65535
0013-0002-0307,392.464,13555.495,0,31620,0,65535
0013-0003-0322,222.87,3629.1,0,24217,0,65535
0013-0004-0347,194.003,3929.742,0,27419,0,65535
0013-0005-0351,275.085,15625.569,0,37268,0,65535
0013-0006-0381,115.043,6870.823,0,26558,0,65535
0013-0007-0466,156.858,3867.727,0,26352,0,65535
0013-0008-0479,257.892,6698.749,0,27454,0,65535
0013-0009-0498,119.289,835.737,0,16503,0,65535
0013-0010-0571,321.357,5003.409,0,36235,0,65535
0013-0011-0578,371.662,201.035,0,16572,0,65535
0013-0012-0647,446.377,4430.92,0,20773,0,65535
0013-0013-0764,153.037,1653.682,0,16847,0,65535
0013-0014-0803,190.607,241.684,0,11338,0,65535
0013-0015-0822,340.248,5234.311,0,20773,0,65535
0013-0016-0870,249.614,1445.654,0,10855,0,65535
0013-0017-0936,143.274,2508.261,0,34513,0,65535
0013-0018-1008,118.44,535.237,0,7860,0,65535
0013-0019-1026,129.689,817.941,0,17674,0,65535
0014-0001-0020,314.99,20.235,0,4106,0,65535
0014-0002-0037,379.516,0,0,0,0,65535
0014-0003-0173,417.934,7.372,0,2591,0,65535
0014-0004-0265,247.492,52.226,0,7412,0,65535
0014-0005-0295,336.003,75.358,0,6723,0,65535
0014-0006-0320,414.114,93.17,0,10580,0,65535
0014-0007-0325,294.401,781.4,0,20119,0,65535
0014-0008-0317,159.83,5.348,0,2625,0,65535
0014-0009-0478,635.71,3458.67,0,21221,0,65535
0014-0010-0474,455.716,2641.905,0,21117,0,65535
0014-0011-0483,196.762,25.616,0,4691,0,65535
0014-0012-0493,148.368,35.83,0,5483,0,65535
0014-0013-0531,236.242,50.693,0,7756,0,65535
0014-0014-0688,694.93,94.881,0,8927,0,65535
0014-0015-0714,363.597,142.111,0,11303,0,65535
0014-0016-0742,613.636,47.003,0,10408,0,65535
0014-0017-0793,145.821,293.313,0,15883,0,65535
0014-0018-0941,285.91,468.596,0,16434,0,65535
0015-0001-0066,308.622,2177.148,0,34134,0,65535
0015-0002-0179,244.096,0.283,0,180,0,65535
0015-0003-0288,237.728,1859.059,0,11957,0,65535
0015-0004-0315,455.079,0.989,0,387,0,65535
0015-0005-0340,375.907,0.199,0,352,0,65535
0015-0006-0372,354.257,0,0,0,0,65535
0015-0007-0416,627.432,0.003,0,8,0,65535
0015-0008-0407,215.229,1653.256,0,12302,0,65535
0015-0009-0410,239.638,0,0,0,0,65535
0015-0010-0426,389.492,0,0,0,0,65535
0015-0011-0482,455.079,132.379,0,3589,0,65535
0015-0012-0493,608.754,14.032,0,1558,0,65535
0015-0013-0498,333.881,619.265,0,10890,0,65535
0015-0014-0518,662.242,3498.729,0,12990,0,65535
0015-0015-0527,359.351,4.051,0,869,0,65535
0015-0016-0538,321.357,4.179,0,1213,0,65535
0015-0017-0574,622.55,0.195,0,180,0,65535
0015-0018-0574,154.099,0.485,0,352,0,65535
0015-0019-0608,246.218,586.278,0,6551,0,65535
0015-0020-0625,483.097,132.658,0,3624,0,65535
0015-0021-0614,238.577,0,0,0,0,65535
0015-0022-0653,412.84,0,0,0,0,65535
0015-0023-0687,357.441,0,0,0,0,65535
0015-0024-0688,158.132,2269.012,0,13817,0,65535
0015-0025-0737,534.888,0.245,0,456,0,65535
0015-0026-0832,354.045,1825.857,0,12095,0,65535
0015-0027-0844,123.746,0,0,0,0,65535
0015-0028-0882,134.783,3029.175,0,31724,0,65535
0015-0029-0929,355.106,2322.618,0,32929,0,65535
0016-0001-0028,259.803,508.614,0,7136,0,65535
0016-0002-0059,195.913,4450.165,0,21806,0,65535
0016-0003-0156,278.057,3102.55,0,19774,0,65535
0016-0004-0157,185.088,10.889,0,1627,0,65535
0016-0005-0192,1150.434,12540.911,0,35512,0,65535
0016-0006-0211,130.114,8229.817,0,34616,0,65535
0016-0007-0237,212.469,2495.311,0,12302,0,65535
0016-0008-0283,292.278,0.874,0,559,0,65535
0016-0009-0309,175.961,10412.811,0,32309,0,65535
0016-0010-0323,200.795,1174.791,0,14127,0,65535
0016-0011-0327,175.112,4022.248,0,24768,0,65535
0016-0012-0374,715.307,10061.055,0,45016,0,65535
0016-0013-0395,859.854,7454.506,0,22185,0,65535
0016-0014-0372,155.585,2981.87,0,23080,0,65535
0016-0015-0467,997.609,10653.417,0,53694,0,65535
0016-0016-0513,299.495,1042.164,0,7584,0,65535
0016-0017-0535,188.06,3217.296,0,15883,0,65535
0016-0018-0568,202.918,3829.394,0,22150,0,65535
0016-0019-0581,120.35,2835.429,0,13886,0,65535
0016-0020-0591,121.836,3598.672,0,16606,0,65535
0016-0021-0630,504.323,969.261,0,8376,0,65535
0016-0022-0652,111.011,7588.719,0,28039,0,65535
0016-0023-0671,217.351,4703.687,0,21221,0,65535
0016-0024-0702,256.194,4144.288,0,16159,0,65535
0016-0025-0727,652.266,6102.052,0,37681,0,65535
0016-0026-0711,220.747,3468.737,0,14299,0,65535
0016-0027-0737,216.29,0,0,0,0,65535
0016-0028-0808,134.359,19899.616,0,65535,0,65535
0016-0029-0871,343.008,11055.782,0,46910,0,65535
0016-0030-0926,101.883,0,0,0,0,65535
0016-0031-0932,144.123,193.863,0,4588,0,65535
0016-0032-0976,251.525,4773.8,0,20188,0,65535
0017-0001-0059,405.836,763.849,0,11751,0,65535
0017-0002-0092,244.52,998.016,0,9857,0,65535
0017-0003-0241,355.955,307.152,0,7102,0,65535
0017-0004-0235,244.096,674.13,0,10924,0,65535
0017-0005-0301,136.694,415.75,0,4760,0,65535
0017-0006-0306,208.437,212.325,0,5380,0,65535
0017-0007-0349,284,78.753,0,4623,0,65535
0017-0008-0362,199.522,299.035,0,5380,0,65535
0017-0009-0360,183.178,983.768,0,8204,0,65535
0017-0010-0396,266.171,4484.385,0,22460,0,65535
0017-0011-0424,499.653,399.866,0,7791,0,65535
0017-0012-0455,183.178,1550.4,0,10718,0,65535
0017-0013-0471,338.762,1174.358,0,8755,0,65535
0017-0014-0514,896.787,4048.451,0,65535,0,65535
0017-0015-0534,264.897,2440.742,0,15986,0,65535
0017-0016-0667,689.836,3319.549,0,29623,0,65535
0017-0017-0677,284.637,1634.385,0,40849,0,65535
0017-0018-0734,222.446,801.257,0,6344,0,65535
0017-0019-0830,152.188,2364.127,0,12990,0,65535
0017-0020-0896,189.758,72.151,0,3555,0,65535
0018-0001-0017,100.398,5059.372,0,18982,0,65535
0018-0002-0027,101.459,4808.952,0,17019,0,65535
0018-0003-0248,146.245,11405.742,0,33204,0,65535
0018-0004-0288,305.014,10394.848,0,26489,0,65535
0018-0005-0352,334.73,259.252,0,3658,0,65535
0018-0006-0479,281.665,3278.572,0,13059,0,65535
0018-0007-0619,305.014,2445.39,0,9030,0,65535
0018-0008-0683,132.448,1026.917,0,9030,0,65535
0018-0009-0710,269.142,6412.24,0,20773,0,65535
0018-0010-0722,468.664,2375.735,0,13025,0,65535
0018-0011-0744,262.562,2756.693,0,15539,0,65535
0018-0012-0974,186.362,17.639,0,1868,0,65535
0018-0013-1027,161.528,25.543,0,2901,0,65535
0019-0001-0069,136.906,1812.51,0,12646,0,65535
0019-0002-0178,733.773,69.161,0,14712,0,65535
0019-0003-0138,119.289,3662.105,0,18053,0,65535
0019-0004-0176,368.478,407.384,0,10890,0,65535
0019-0005-0165,159.193,9586.805,0,38680,0,65535
0019-0006-0189,368.266,11471.248,0,29967,0,65535
0019-0007-0198,236.242,3831.457,0,17226,0,65535
0019-0008-0234,325.603,7.911,0,4278,0,65535
0019-0009-0236,135.42,2818.15,0,13610,0,65535
0019-0010-0235,164.712,3424.589,0,15642,0,65535
0019-0011-0267,111.435,7,0,2074,0,65535
0019-0012-0306,160.042,10125.776,0,65535,0,65535
0019-0013-0345,336.215,1.499,0,1558,0,65535
0019-0014-0441,229.875,4.457,0,1110,0,65535
0019-0015-0487,577.976,8812.275,0,24699,0,65535
0019-0016-0579,174.688,416.751,0,5242,0,65535
0019-0017-0591,129.689,8510.108,0,42364,0,65535
0019-0018-0641,591.349,891.714,0,10614,0,65535
0019-0019-0657,395.647,3075.726,0,10649,0,65535
0019-0020-0664,269.779,10292.258,0,29899,0,65535
0019-0021-0678,156.646,2947.19,0,8342,0,65535
0019-0022-0690,388.431,17.962,0,3038,0,65535
0019-0023-0699,284.849,9319.125,0,49011,0,65535
0019-0024-0718,230.724,5141.401,0,48115,0,65535
0019-0025-0727,275.51,12030.119,0,37991,0,65535
0019-0026-0740,122.472,2387.889,0,12612,0,65535
0019-0027-0789,267.02,3.898,0,2143,0,65535
0019-0028-0961,143.698,967.826,0,7274,0,65535
0020-0001-0020,279.543,10.87,0,1489,0,65535
0020-0002-0012,124.595,128.036,0,2384,0,65535
0020-0003-0035,428.972,174.928,0,2935,0,65535
0020-0004-0028,178.933,1256.262,0,9719,0,65535
0020-0005-0056,262.774,2.845,0,731,0,65535
0020-0006-0064,395.86,1215.433,0,6413,0,65535
0020-0007-0068,402.864,511.512,0,6379,0,65535
0020-0008-0086,396.072,28.342,0,1661,0,65535
0020-0009-0089,170.23,3250.319,0,17984,0,65535
0020-0010-0112,439.372,381.725,0,33549,0,65535
0020-0011-0110,236.455,4365.694,0,13989,0,65535
0020-0012-0112,198.673,491.355,0,5966,0,65535
0020-0013-0145,428.76,2092.028,0,8445,0,65535
0020-0014-0157,327.725,2.595,0,1248,0,65535
0020-0015-0159,344.706,4.615,0,1076,0,65535
0020-0016-0176,452.32,8503.035,0,29210,0,65535
0020-0017-0166,178.084,4.224,0,1351,0,65535
0020-0018-0186,642.715,20.06,0,1971,0,65535
0020-0019-0167,155.372,387.836,0,4864,0,65535
0020-0020-0188,565.878,324.437,0,3865,0,65535
0020-0021-0208,201.644,1528.818,0,10890,0,65535
0020-0022-0208,252.586,41.919,0,2832,0,65535
0020-0023-0229,395.435,3818.569,0,26627,0,65535
0020-0024-0224,245.794,22.19,0,1661,0,65535
0020-0025-0237,201.432,496.535,0,5690,0,65535
0020-0026-0255,334.517,1023.506,0,6344,0,65535
0020-0027-0262,123.321,2220.496,0,10890,0,65535
0020-0028-0298,359.776,8905.85,0,31517,0,65535
0020-0029-0283,379.94,784.149,0,4967,0,65535
0020-0030-0299,295.462,45.292,0,1937,0,65535
0020-0031-0306,293.339,474.13,0,4037,0,65535
0020-0032-0305,425.576,0.488,0,318,0,65535
0020-0033-0343,486.493,725.992,0,5001,0,65535
0020-0034-0341,219.262,204.444,0,3245,0,65535
0020-0035-0365,402.652,143.598,0,4278,0,65535
0020-0036-0355,130.75,19318.412,0,65535,0,65535
0020-0037-0361,164.924,6962.764,0,26421,0,65535
0020-0038-0379,384.398,101.808,0,2350,0,65535
0020-0039-0369,195.277,9007.165,0,44499,0,65535
0020-0040-0384,466.966,1243.654,0,8548,0,65535
0020-0041-0388,370.601,2870.719,0,13094,0,65535
0020-0042-0382,255.133,988.294,0,6034,0,65535
0020-0043-0387,189.546,141.202,0,2419,0,65535
0020-0044-0411,343.644,17462.658,0,65535,0,65535
0020-0045-0431,219.686,1772.461,0,11131,0,65535
0020-0046-0456,395.435,1.395,0,1386,0,65535
0020-0047-0454,319.023,18894.466,0,52833,0,65535
0020-0048-0467,323.268,10.097,0,1144,0,65535
0020-0049-0481,381.851,643.363,0,7102,0,65535
0020-0050-0484,161.103,3151.461,0,11131,0,65535
0020-0051-0489,433.641,4128.864,0,21221,0,65535
0020-0052-0493,459.537,485.125,0,5174,0,65535
0020-0053-0498,106.765,263.093,0,6826,0,65535
0020-0054-0517,455.079,0.184,0,249,0,65535
0020-0055-0526,401.803,2.406,0,800,0,65535
0020-0056-0513,150.278,3720.606,0,15367,0,65535
0020-0057-0524,262.987,0,0,0,0,65535
0020-0058-0526,231.148,6135.982,0,19533,0,65535
0020-0059-0534,262.987,10216.962,0,26593,0,65535
0020-0060-0544,434.49,236.641,0,3658,0,65535
0020-0061-0552,483.097,23728.297,0,65535,0,65535
0020-0062-0573,393.313,12072.169,0,35512,0,65535
0020-0063-0570,266.807,174.772,0,8755,0,65535
0020-0064-0576,418.147,4806.982,0,17295,0,65535
0020-0065-0593,213.743,7563.693,0,30450,0,65535
0020-0066-0634,299.495,3096.139,0,13817,0,65535
0020-0067-0630,133.085,4195.411,0,13300,0,65535
0020-0068-0647,234.756,4236.752,0,16021,0,65535
0020-0069-0657,357.229,849.943,0,6310,0,65535
0020-0070-0656,223.931,1951.291,0,8996,0,65535
0020-0071-0681,421.755,206.448,0,3555,0,65535
0020-0072-0704,180.843,0,0,0,0,65535
0020-0073-0707,154.735,1.152,0,352,0,65535
0020-0074-0716,125.019,0,0,0,0,65535
0020-0075-0724,444.891,539.416,0,4898,0,65535
0020-0076-0727,126.505,0,0,0,0,65535
0020-0077-0752,325.603,1690.851,0,9891,0,65535
0020-0078-0796,820.162,91.791,0,3383,0,65535
0020-0079-0798,270.84,142.429,0,3176,0,65535
0020-0080-0813,174.688,11559.784,0,30243,0,65535
0020-0081-0815,150.49,5496.038,0,27591,0,65535
0020-0082-0832,214.38,1700.255,0,12681,0,65535
0020-0083-0861,351.71,2002.763,0,8514,0,65535
0020-0084-0867,347.253,2796.377,0,10683,0,65535
0020-0085-0980,483.946,0,0,0,0,65535
0020-0086-0972,358.927,81.798,0,2901,0,65535
0020-0087-0998,383.124,38.509,0,2350,0,65535
0020-0088-0999,166.197,2377.206,0,11303,0,65535
0021-0001-0185,127.779,17076.178,0,62027,0,65535
0021-0002-0208,250.676,15156.876,0,40677,0,65535
0021-0003-0246,187.423,598.981,0,5931,0,65535
0021-0004-0294,240.7,2173.809,0,20015,0,65535
0021-0005-0319,272.326,843.133,0,11165,0,65535
0021-0006-0327,156.858,1060.512,0,12612,0,65535
0021-0007-0346,217.139,1126.991,0,10787,0,65535
0021-0008-0425,287.608,1672.531,0,20429,0,65535
0021-0009-0470,421.331,9851.086,0,53143,0,65535
0021-0010-0453,101.883,2374.713,0,21599,0,65535
0021-0011-0470,190.182,209.912,0,8961,0,65535
0021-0012-0478,114.831,23.32,0,2109,0,65535
0021-0013-0577,266.171,443.271,0,6138,0,65535
0021-0014-0581,249.402,646.18,0,9099,0,65535
0021-0015-0639,334.093,1265.882,0,18845,0,65535
0021-0016-0666,262.774,253.818,0,10304,0,65535
0021-0017-0698,118.44,11505.007,0,48666,0,65535
0021-0018-0714,199.31,5148.907,0,29520,0,65535
0021-0019-0723,191.031,1717.854,0,15022,0,65535
0021-0020-0742,229.026,7719.325,0,40023,0,65535
0021-0021-0797,315.414,1817.569,0,13025,0,65535
0021-0022-0839,259.378,1323.705,0,12130,0,65535
0021-0023-0836,136.057,1480.788,0,24354,0,65535
0021-0024-0900,237.516,29.013,0,3693,0,65535
0021-0025-0939,183.602,3221.899,0,15263,0,65535
0021-0026-0951,170.018,3544.311,0,25801,0,65535
0021-0027-0960,116.954,12.341,0,6482,0,65535
0021-0028-0962,112.921,0,0,0,0,65535
0021-0029-0974,184.451,268.519,0,8445,0,65535
0022-0001-0013,132.448,1156.498,0,8479,0,65535
0022-0002-0013,156.858,710.084,0,10993,0,65535
0022-0003-0036,349.375,1473.306,0,11200,0,65535
0022-0004-0039,213.743,579.984,0,8066,0,65535
0022-0005-0055,298.646,618.702,0,8238,0,65535
0022-0006-0065,227.752,248.803,0,9375,0,65535
0022-0007-0075,240.487,394.952,0,10855,0,65535
0022-0008-0081,270.84,337.734,0,10029,0,65535
0022-0009-0084,276.571,712.415,0,8927,0,65535
0022-0010-0090,140.939,6.703,0,800,0,65535
0022-0011-0105,237.94,803.933,0,9960,0,65535
0022-0012-0136,267.232,731.575,0,10029,0,65535
0022-0013-0145,426.849,780.996,0,10442,0,65535
0022-0014-0149,281.665,117.151,0,4967,0,65535
0022-0015-0147,300.556,1084.941,0,10855,0,65535
0022-0016-0164,232.846,433.725,0,8410,0,65535
0022-0017-0167,298.858,549.766,0,9650,0,65535
0022-0018-0177,238.153,176.581,0,5449,0,65535
0022-0019-0180,304.589,1359.867,0,17261,0,65535
0022-0020-0189,293.976,624.876,0,9719,0,65535
0022-0021-0188,229.026,991.123,0,11889,0,65535
0022-0022-0227,242.61,259.96,0,10063,0,65535
0022-0023-0239,458.051,611.328,0,9857,0,65535
0022-0024-0232,154.099,60.339,0,8135,0,65535
0022-0025-0244,217.139,2704.128,0,11820,0,65535
0022-0026-0256,142.637,11.795,0,3831,0,65535
0022-0027-0278,310.532,3081.852,0,13473,0,65535
0022-0028-0279,223.082,4155.045,0,19878,0,65535
0022-0029-0291,295.674,300.504,0,12198,0,65535
0022-0030-0312,265.321,1103.277,0,9375,0,65535
0022-0031-0325,241.336,36.393,0,3727,0,65535
0022-0032-0332,333.032,1649.724,0,10201,0,65535
0022-0033-0343,521.304,1288.506,0,8858,0,65535
0022-0034-0346,274.449,287.76,0,9616,0,65535
0022-0035-0391,254.709,533.097,0,7584,0,65535
0022-0036-0394,116.529,1529.532,0,13404,0,65535
0022-0037-0415,296.523,1734.354,0,10683,0,65535
0022-0038-0412,258.317,1608.539,0,9891,0,65535
0022-0039-0414,245.157,1019.256,0,13610,0,65535
0022-0040-0416,142,969.079,0,6138,0,65535
0022-0041-0435,430.882,1364.161,0,12440,0,65535
0022-0042-0436,302.042,1710.74,0,13645,0,65535
0022-0043-0459,220.747,1926.118,0,12095,0,65535
0022-0044-0472,369.328,2829.398,0,22564,0,65535
0022-0045-0478,530.006,673.587,0,11820,0,65535
0022-0046-0474,289.307,486.917,0,10270,0,65535
0022-0047-0482,216.715,2803.306,0,11785,0,65535
0022-0048-0518,346.404,1685.612,0,11751,0,65535
0022-0049-0539,204.616,636.414,0,9203,0,65535
0022-0050-0570,323.48,522.493,0,9650,0,65535
0022-0051-0568,153.25,5332.195,0,22047,0,65535
0022-0052-0574,313.292,1450.334,0,13094,0,65535
0022-0053-0583,259.591,2357.168,0,12715,0,65535
0022-0054-0589,237.94,158.744,0,4485,0,65535
0022-0055-0590,182.753,407.075,0,9306,0,65535
0022-0056-0588,265.746,1186.422,0,10683,0,65535
0022-0057-0620,279.967,2281.585,0,12198,0,65535
0022-0058-0627,227.54,494.587,0,8342,0,65535
0022-0059-0641,410.93,2886.912,0,23115,0,65535
0022-0060-0678,649.719,6219.374,0,35305,0,65535
0022-0061-0680,361.899,1959.973,0,12440,0,65535
0022-0062-0686,340.036,749.583,0,11923,0,65535
0022-0063-0675,252.798,765.787,0,11682,0,65535
0022-0064-0717,187.848,4023.053,0,12336,0,65535
0022-0065-0724,379.516,2448.553,0,18053,0,65535
0022-0066-0734,394.374,463.255,0,12267,0,65535
0022-0067-0738,277.632,1059.283,0,10959,0,65535
0022-0068-0762,219.049,1518.867,0,16641,0,65535
0022-0069-0791,233.058,36.78,0,5001,0,65535
0022-0070-0801,350.437,598.267,0,11510,0,65535
0022-0071-0825,272.75,221.293,0,7274,0,65535
0022-0072-0858,277.632,1062.894,0,11889,0,65535
0022-0073-0864,269.991,3257.111,0,18018,0,65535
0022-0074-0894,256.619,299.83,0,6758,0,65535
0022-0075-0906,222.021,137.967,0,5931,0,65535
0022-0076-0916,335.791,390.63,0,9891,0,65535
0022-0077-0934,222.87,936.586,0,15470,0,65535
0022-0078-0944,361.262,417.09,0,16951,0,65535
0022-0079-0953,231.785,194.626,0,4898,0,65535
0022-0080-0965,209.286,2170.481,0,11269,0,65535
0022-0081-0970,250.251,2337.648,0,22564,0,65535
0022-0082-0973,185.301,116.329,0,5208,0,65535
0022-0083-0996,366.78,621.193,0,9650,0,65535
0022-0084-1021,294.401,274.764,0,7205,0,65535
0023-0001-0014,140.302,218.675,0,3589,0,65535
0023-0002-0016,142.849,220.97,0,3727,0,65535
0023-0003-0024,250.251,206.612,0,3693,0,65535
0023-0004-0021,178.296,410.661,0,7377,0,65535
0023-0005-0031,257.892,83.877,0,6585,0,65535
0023-0006-0089,414.751,1725.473,0,8824,0,65535
0023-0007-0088,305.863,10.765,0,2315,0,65535
0023-0008-0091,327.301,14.602,0,2901,0,65535
0023-0009-0086,203.979,47.149,0,3727,0,65535
0023-0010-0116,216.29,37.685,0,2591,0,65535
0023-0011-0129,205.253,1425.471,0,10236,0,65535
0023-0012-0144,221.384,104.455,0,3762,0,65535
0023-0013-0144,195.701,2044.697,0,13610,0,65535
0023-0014-0176,207.588,66.357,0,4347,0,65535
0023-0015-0193,194.64,44.408,0,3107,0,65535
0023-0016-0204,524.488,646.293,0,6999,0,65535
0023-0017-0201,177.447,26.946,0,2832,0,65535
0023-0018-0228,283.576,1016.797,0,9375,0,65535
0023-0019-0239,399.044,1982.429,0,14024,0,65535
0023-0020-0234,192.517,2709.222,0,13369,0,65535
0023-0021-0278,192.942,347.957,0,9891,0,65535
0023-0022-0310,348.951,315.985,0,6826,0,65535
0023-0023-0344,348.526,109.702,0,5380,0,65535
0023-0024-0346,276.147,1320.4,0,13576,0,65535
0023-0025-0376,259.803,951.716,0,12818,0,65535
0023-0026-0392,185.301,68.66,0,5966,0,65535
0023-0027-0412,237.94,3021.626,0,13507,0,65535
0023-0028-0404,153.462,198.107,0,9134,0,65535
0023-0029-0414,221.384,219.909,0,8858,0,65535
0023-0030-0441,252.586,2352.994,0,25043,0,65535
0023-0031-0448,388.431,1099.779,0,19947,0,65535
0023-0032-0457,264.897,2652.865,0,27454,0,65535
0023-0033-0505,147.094,5460.186,0,26111,0,65535
0023-0034-0546,220.96,602.316,0,10580,0,65535
0023-0035-0546,269.779,1703.967,0,15263,0,65535
0023-0036-0564,290.368,774.092,0,26317,0,65535
0023-0037-0587,622.975,383.88,0,12715,0,65535
0023-0038-0564,257.043,1098.467,0,10408,0,65535
0023-0039-0591,195.913,970.841,0,13266,0,65535
0023-0040-0607,271.477,82.58,0,7412,0,65535
0023-0041-0613,334.305,457.293,0,8652,0,65535
0023-0042-0617,278.906,53.32,0,7274,0,65535
0023-0043-0652,447.226,1055.828,0,12681,0,65535
0023-0044-0647,109.312,67.118,0,3555,0,65535
0023-0045-0673,262.138,1143.646,0,18604,0,65535
0023-0046-0688,319.023,1150.367,0,19878,0,65535
0023-0047-0707,236.242,1413.313,0,20463,0,65535
0023-0048-0720,240.275,739.455,0,14402,0,65535
0023-0049-0764,213.955,112.725,0,6689,0,65535
0023-0050-0765,379.728,6085.67,0,21944,0,65535
0023-0051-0794,259.378,4952.403,0,25043,0,65535
0023-0052-0805,351.286,91.021,0,7033,0,65535
0023-0053-0813,273.812,804.666,0,12853,0,65535
0023-0054-0805,123.534,880.16,0,8583,0,65535
0023-0055-0856,310.108,60.241,0,6103,0,65535
0023-0056-0845,297.16,1711.174,0,25387,0,65535
0023-0057-0849,164.924,2496.923,0,11234,0,65535
0023-0058-0877,318.174,1539.393,0,15711,0,65535
0023-0059-0894,305.014,541.081,0,10787,0,65535
0023-0060-0936,471.848,460.14,0,10649,0,65535
0023-0061-0954,402.864,9126.344,0,40160,0,65535
0023-0062-1004,497.955,235.132,0,9168,0,65535
0023-0063-0999,224.144,345.465,0,9375,0,65535
0024-0001-0025,268.505,4.138,0,662,0,65535
0024-0002-0050,421.118,341.637,0,6207,0,65535
0024-0003-0065,328.362,1803.363,0,8066,0,65535
0024-0004-0088,635.286,1.304,0,903,0,65535
0024-0005-0074,227.752,0,0,0,0,65535
0024-0006-0074,168.744,89.379,0,2729,0,65535
0024-0007-0090,346.828,175.378,0,4072,0,65535
0024-0008-0110,277.42,474.013,0,4175,0,65535
0024-0009-0137,226.054,1176.442,0,6895,0,65535
0024-0010-0156,208.437,3.556,0,1351,0,65535
0024-0011-0187,234.756,62.005,0,3142,0,65535
0024-0012-0227,369.115,552.587,0,5828,0,65535
0024-0013-0232,301.405,10782.039,0,35098,0,65535
0024-0014-0245,410.081,30.871,0,2797,0,65535
0024-0015-0241,394.162,5.394,0,1144,0,65535
0024-0016-0235,147.094,1684.411,0,8961,0,65535
0024-0017-0243,135.845,582.027,0,5483,0,65535
0024-0018-0255,189.121,261.822,0,4106,0,65535
0024-0019-0277,312.018,113.373,0,2556,0,65535
0024-0020-0274,225.205,8.189,0,1386,0,65535
0024-0021-0285,156.646,0.547,0,284,0,65535
0024-0022-0298,250.039,454.458,0,3762,0,65535
0024-0023-0298,309.046,115.23,0,2763,0,65535
0024-0024-0313,200.159,20.751,0,2281,0,65535
0024-0025-0316,251.525,0,0,0,0,65535
0024-0026-0321,248.341,50.729,0,2625,0,65535
0024-0027-0337,288.882,881.973,0,5208,0,65535
0024-0028-0351,275.934,2558.622,0,10270,0,65535
0024-0029-0356,353.196,0.026,0,43,0,65535
0024-0030-0350,213.318,465.383,0,6654,0,65535
0024-0031-0380,253.86,1909.06,0,13059,0,65535
0024-0032-0405,435.127,3591.903,0,20429,0,65535
0024-0033-0407,326.452,314.904,0,5724,0,65535
0024-0034-0410,272.963,3.383,0,1282,0,65535
0024-0035-0417,196.975,174.97,0,14953,0,65535
0024-0036-0411,302.891,1849.578,0,65535,0,65535
0024-0037-0430,207.375,283.257,0,5759,0,65535
0024-0038-0450,296.311,50.94,0,3314,0,65535
0024-0039-0442,207.588,7.985,0,1489,0,65535
0024-0040-0443,158.556,7.119,0,1007,0,65535
0024-0041-0463,244.096,665.303,0,6034,0,65535
0024-0042-0485,295.462,60.437,0,3899,0,65535
0024-0043-0496,336.428,520.449,0,8273,0,65535
0024-0044-0515,234.756,865.608,0,6413,0,65535
0024-0045-0517,134.783,2208.6,0,16778,0,65535
0024-0046-0549,176.81,422.705,0,8789,0,65535
0024-0047-0553,181.48,2290.236,0,28797,0,65535
0024-0048-0558,212.894,3568.129,0,13989,0,65535
0024-0049-0563,104.218,116.132,0,2763,0,65535
0024-0050-0575,358.29,139.96,0,6103,0,65535
0024-0051-0577,149.005,1276.282,0,7618,0,65535
0024-0052-0589,292.066,894.443,0,10132,0,65535
0024-0053-0587,150.066,1411.918,0,8996,0,65535
0024-0054-0612,289.307,608.737,0,10236,0,65535
0024-0055-0613,238.365,18.624,0,1799,0,65535
0024-0056-0639,562.906,61.65,0,9375,0,65535
0024-0057-0649,236.667,15.455,0,1661,0,65535
0024-0058-0643,153.674,2131.923,0,21221,0,65535
0024-0059-0711,234.756,2748.918,0,13059,0,65535
0024-0060-0714,216.715,2154.768,0,15332,0,65535
0024-0061-0744,184.027,791.055,0,6172,0,65535
0024-0062-0766,325.603,873.574,0,7687,0,65535
0024-0063-0765,254.284,1378.527,0,12543,0,65535
0024-0064-0797,240.7,2541.166,0,14781,0,65535
0024-0065-0897,198.673,4415.565,0,17605,0,65535
0024-0066-0975,362.323,1209.037,0,11992,0,65535
0024-0067-1008,229.45,5.747,0,2143,0,65535
0024-0068-1020,284.637,2402.629,0,8686,0,65535
0025-0001-0013,116.529,0.14,0,77,0,65535
0025-0002-0054,509.417,5.277,0,1799,0,65535
0025-0003-0040,157.283,37.464,0,2178,0,65535
0025-0004-0045,239.426,1.632,0,1041,0,65535
0025-0005-0077,231.573,0.994,0,869,0,65535
0025-0006-0101,323.268,0.802,0,697,0,65535
0025-0007-0107,214.168,41.073,0,2763,0,65535
0025-0008-0284,158.556,545.17,0,6448,0,65535
0025-0009-0314,285.274,55.174,0,5587,0,65535
0025-0010-0310,173.202,544.862,0,8169,0,65535
0025-0011-0322,148.792,3070.429,0,12371,0,65535
0025-0012-0334,206.739,9.681,0,2281,0,65535
0025-0013-0338,277.845,522.98,0,6585,0,65535
0025-0014-0342,183.815,488.449,0,9237,0,65535
0025-0015-0369,315.202,2861.514,0,15711,0,65535
0025-0016-0357,260.44,492.658,0,7928,0,65535
0025-0017-0379,227.327,50.789,0,6069,0,65535
0025-0018-0385,353.408,432.97,0,21324,0,65535
0025-0019-0390,225.629,130.455,0,5242,0,65535
0025-0020-0407,228.601,189.071,0,3796,0,65535
0025-0021-0411,282.302,4333.38,0,12922,0,65535
0025-0022-0417,282.514,53.832,0,8032,0,65535
0025-0023-0446,226.691,130.087,0,7963,0,65535
0025-0024-0467,346.828,90.001,0,7481,0,65535
0025-0025-0482,156.858,1547.932,0,11234,0,65535
0025-0026-0509,150.915,414.167,0,5242,0,65535
0025-0027-0540,191.668,9.395,0,2040,0,65535
0025-0028-0548,328.786,1128.671,0,13507,0,65535
0025-0029-0551,400.954,832.181,0,9168,0,65535
0025-0030-0554,310.745,1940.911,0,9271,0,65535
0025-0031-0561,223.719,1436.987,0,7481,0,65535
0025-0032-0576,276.783,274.455,0,3762,0,65535
0025-0033-0605,375.483,873.142,0,32240,0,65535
0025-0034-0635,316.051,70.944,0,4554,0,65535
0025-0035-0659,339.824,248.38,0,5208,0,65535
0025-0036-0670,289.307,653.175,0,6241,0,65535
0025-0037-0677,321.357,10.48,0,2350,0,65535
0025-0038-0696,142.849,826.288,0,6138,0,65535
0025-0039-0769,707.241,7.483,0,3107,0,65535
0025-0040-0766,657.997,11.603,0,10132,0,65535
0025-0041-0767,179.145,19.233,0,3004,0,65535
0025-0042-0766,158.344,768.808,0,12267,0,65535
0025-0043-0797,289.307,7.957,0,2797,0,65535
0025-0044-0797,224.78,643.786,0,9168,0,65535
0025-0045-0827,291.641,41.739,0,2763,0,65535
0025-0046-0837,253.011,2404.977,0,13886,0,65535
0025-0047-0873,188.697,622.141,0,7928,0,65535
0025-0048-0894,158.132,0,0,0,0,65535
0025-0049-0908,295.887,2.491,0,903,0,65535
0025-0050-0901,236.242,7.721,0,2109,0,65535
0025-0051-0936,397.345,1.08,0,1179,0,65535
0025-0052-0940,131.599,982.253,0,5552,0,65535
0025-0053-0989,423.453,18.784,0,3073,0,65535
0025-0054-0992,227.115,477.222,0,7033,0,65535
0025-0055-0998,116.529,0,0,0,0,65535
0026-0001-0031,225.417,758.404,0,5897,0,65535
0026-0002-0088,131.812,0,0,0,0,65535
0026-0003-0191,260.652,281.686,0,4140,0,65535
0026-0004-0235,448.499,2050.249,0,55002,0,65535
0026-0005-0267,325.39,1186.756,0,31999,0,65535
0026-0006-0298,523.851,457.34,0,6310,0,65535
0026-0007-0282,185.088,2061.859,0,14024,0,65535
0026-0008-0332,211.196,730.299,0,11096,0,65535
0026-0009-0341,281.878,257.006,0,5656,0,65535
0026-0010-0343,290.58,244.816,0,6620,0,65535
0026-0011-0352,211.62,1931.124,0,13128,0,65535
0026-0012-0374,373.997,2965.673,0,16503,0,65535
0026-0013-0428,226.903,3.628,0,1213,0,65535
0026-0014-0434,210.771,977.753,0,8893,0,65535
0026-0015-0433,270.84,435.759,0,4416,0,65535
0026-0016-0443,202.069,18.731,0,1558,0,65535
0026-0017-0449,142.849,1446.832,0,12956,0,65535
0026-0018-0507,156.858,1173.782,0,7894,0,65535
0026-0019-0511,154.948,638.986,0,10304,0,65535
0026-0020-0527,223.295,1449.039,0,12681,0,65535
0026-0021-0520,232.846,355.034,0,7343,0,65535
0026-0022-0558,418.996,94.837,0,3831,0,65535
0026-0023-0584,304.801,527.557,0,6172,0,65535
0026-0024-0581,220.323,784.674,0,8066,0,65535
0026-0025-0586,188.06,160.544,0,3383,0,65535
0026-0026-0623,264.048,1037.834,0,7274,0,65535
0026-0027-0628,336.215,466.932,0,7791,0,65535
0026-0028-0660,246.643,500.466,0,23872,0,65535
0026-0029-0675,310.32,372.49,0,6138,0,65535
0026-0030-0680,236.242,2982.62,0,14712,0,65535
0026-0031-0763,577.34,113.068,0,5346,0,65535
0026-0032-0800,166.41,1345.42,0,9926,0,65535
0026-0033-0819,207.8,130.68,0,7825,0,65535
0026-0034-0857,167.471,1093.541,0,14299,0,65535
0026-0035-0944,120.987,157.202,0,4691,0,65535
0026-0036-0960,121.411,1083.566,0,13300,0,65535
0027-0001-0021,253.435,455.06,0,8686,0,65535
0027-0002-0027,255.558,325.504,0,6517,0,65535
0027-0003-0043,396.496,43.364,0,5621,0,65535
0027-0004-0041,224.993,17.046,0,2109,0,65535
0027-0005-0071,355.106,82.096,0,7240,0,65535
0027-0006-0085,443.618,314.721,0,7309,0,65535
0027-0007-0110,268.293,455.275,0,9788,0,65535
0027-0008-0115,319.872,175.121,0,9857,0,65535
0027-0009-0149,230.724,5406.969,0,41779,0,65535
0027-0010-0150,256.619,252.484,0,7205,0,65535
0027-0011-0163,182.117,949.848,0,16606,0,65535
0027-0012-0192,221.172,2043.965,0,13266,0,65535
0027-0013-0205,234.12,60.686,0,3142,0,65535
0027-0014-0204,177.022,23.568,0,3245,0,65535
0027-0015-0240,222.021,36.556,0,2488,0,65535
0027-0016-0236,187.211,3091.094,0,15676,0,65535
0027-0017-0236,164.075,1315.955,0,11716,0,65535
0027-0018-0245,217.351,2489.819,0,14333,0,65535
0027-0019-0250,259.591,1842.016,0,10511,0,65535
0027-0020-0259,305.65,263.146,0,8376,0,65535
0027-0021-0269,278.269,1717.325,0,8652,0,65535
0027-0022-0315,549.534,98.436,0,4932,0,65535
0027-0023-0306,246.218,1551.678,0,8204,0,65535
0027-0024-0320,352.771,1217.039,0,13438,0,65535
0027-0025-0321,228.813,1869.729,0,10649,0,65535
0027-0026-0330,438.311,601.391,0,6069,0,65535
0027-0027-0332,155.585,2095.715,0,15298,0,65535
0027-0028-0332,161.528,1444.871,0,8238,0,65535
0027-0029-0359,320.508,289.783,0,12371,0,65535
0027-0030-0360,316.263,287.767,0,7033,0,65535
0027-0031-0360,201.008,96.409,0,3555,0,65535
0027-0032-0378,264.472,2081.738,0,14161,0,65535
0027-0033-0385,250.251,450.472,0,10993,0,65535
0027-0034-0389,121.836,957.04,0,5793,0,65535
0027-0035-0413,388.218,335.207,0,8204,0,65535
0027-0036-0415,299.919,663.55,0,13335,0,65535
0027-0037-0415,174.688,700.625,0,7894,0,65535
0027-0038-0427,285.486,1475.625,0,15022,0,65535
0027-0039-0444,397.77,2116.503,0,14678,0,65535
0027-0040-0477,404.987,55.404,0,4588,0,65535
0027-0041-0474,240.275,4207.122,0,15952,0,65535
0027-0042-0470,197.187,126.582,0,6172,0,65535
0027-0043-0488,177.235,771.746,0,24044,0,65535
0027-0044-0502,220.747,83.234,0,6172,0,65535
0027-0045-0523,410.293,585.334,0,8686,0,65535
0027-0046-0523,238.577,811.396,0,14884,0,65535
0027-0047-0540,272.326,1487.893,0,12612,0,65535
0027-0048-0574,368.903,643.871,0,11510,0,65535
0027-0049-0568,191.244,2496.517,0,14127,0,65535
0027-0050-0582,295.887,1847.234,0,14024,0,65535
0027-0051-0583,232.209,555.265,0,10270,0,65535
0027-0052-0591,206.951,245.337,0,7067,0,65535
0027-0053-0609,471.848,1571.929,0,17398,0,65535
0027-0054-0618,338.975,392.673,0,6758,0,65535
0027-0055-0633,249.614,6875.061,0,18913,0,65535
0027-0056-0648,213.743,566.668,0,8066,0,65535
0027-0057-0643,121.623,5690.646,0,17708,0,65535
0027-0058-0646,261.076,573.208,0,11303,0,65535
0027-0059-0655,281.665,1232.324,0,12164,0,65535
0027-0060-0655,252.162,2889.978,0,24217,0,65535
0027-0061-0662,245.369,4164.536,0,13541,0,65535
0027-0062-0670,372.087,131.337,0,8376,0,65535
0027-0063-0658,150.066,148.475,0,3555,0,65535
0027-0064-0661,151.127,539.471,0,5759,0,65535
0027-0065-0704,549.534,2476.849,0,16469,0,65535
0027-0066-0721,269.354,3553.801,0,16469,0,65535
0027-0067-0723,179.782,5184.299,0,19292,0,65535
0027-0068-0749,689.411,487.501,0,12508,0,65535
0027-0069-0739,288.245,2541.616,0,65535,0,65535
0027-0070-0753,333.668,977.79,0,10580,0,65535
0027-0071-0756,225.629,4568.051,0,19430,0,65535
0027-0072-0771,442.344,993.82,0,15711,0,65535
0027-0073-0767,321.357,4700.167,0,19533,0,65535
0027-0074-0760,249.614,229.315,0,6792,0,65535
0027-0075-0785,604.296,412.233,0,11854,0,65535
0027-0076-0804,448.287,1056.437,0,7550,0,65535
0027-0077-0823,381.002,419.013,0,13851,0,65535
0027-0078-0827,291.005,643.678,0,7515,0,65535
0027-0079-0831,359.351,113.296,0,6654,0,65535
0027-0080-0849,200.371,208.953,0,7171,0,65535
0027-0081-0871,313.504,313.047,0,10752,0,65535
0027-0082-0879,469.301,123.701,0,6207,0,65535
0027-0083-0892,439.16,1713.107,0,18879,0,65535
0027-0084-0905,425.788,1809.372,0,11923,0,65535
0027-0085-0934,292.915,120.743,0,16469,0,65535
0027-0086-0926,223.507,738.177,0,8135,0,65535
0027-0087-0932,110.374,929.112,0,4795,0,65535
0027-0088-0958,375.058,556.604,0,9065,0,65535
0027-0089-0958,253.86,14.232,0,1695,0,65535
0027-0090-0958,417.934,462.695,0,8652,0,65535
0027-0091-0973,248.129,242.95,0,3762,0,65535
0027-0092-0985,427.698,1212.753,0,65535,0,65535
0027-0093-0978,234.969,2940.299,0,11372,0,65535
0027-0094-0990,294.613,2094.945,0,9478,0,65535
0027-0095-0993,298.009,195.051,0,8307,0,65535
0027-0096-1002,281.029,30.413,0,5415,0,65535
0027-0097-1007,285.698,203.782,0,7997,0,65535
0028-0001-0017,221.384,39.493,0,2212,0,65535
0028-0002-0046,437.462,685.082,0,8307,0,65535
0028-0003-0174,297.797,1707.659,0,9444,0,65535
0028-0004-0183,227.964,1275.724,0,8548,0,65535
0028-0005-0221,221.809,113.1,0,2763,0,65535
0028-0006-0268,216.502,22.335,0,1558,0,65535
0028-0007-0282,216.29,301.041,0,5862,0,65535
0028-0008-0327,466.541,1659.734,0,65535,0,65535
0028-0009-0342,243.671,1810.827,0,16021,0,65535
0028-0010-0374,313.716,0.029,0,43,0,65535
0028-0011-0408,402.227,662.198,0,7446,0,65535
0028-0012-0403,207.8,52.827,0,2419,0,65535
0028-0013-0452,283.151,66.633,0,3831,0,65535
0028-0014-0456,230.511,32.112,0,3383,0,65535
0028-0015-0520,201.008,33.126,0,1902,0,65535
0028-0016-0548,235.605,24.196,0,1833,0,65535
0028-0017-0620,156.646,448.373,0,9203,0,65535
0028-0018-0694,273.387,2223.454,0,18500,0,65535
0028-0019-0731,143.061,6554.868,0,33721,0,65535
0028-0020-0754,479.489,2293.687,0,15057,0,65535
0028-0021-0785,377.818,92.829,0,5174,0,65535
0028-0022-0822,329.848,461.005,0,8342,0,65535
0028-0023-0819,117.803,3276.854,0,14643,0,65535
0028-0024-0833,119.713,6368.399,0,19464,0,65535
0028-0025-0840,168.32,3031.566,0,11441,0,65535
0028-0026-0946,330.909,295.159,0,7756,0,65535
0029-0001-0114,393.949,5586.234,0,26007,0,65535
0029-0002-0151,254.072,1019.836,0,10063,0,65535
0029-0003-0454,253.011,3104.43,0,19051,0,65535
0029-0004-0463,151.976,1873.263,0,9960,0,65535
0029-0005-0492,190.395,470.965,0,6413,0,65535
0029-0006-0535,250.463,1987.844,0,29451,0,65535
0029-0007-0533,203.342,415.597,0,7550,0,65535
0029-0008-0540,102.52,9019.747,0,41813,0,65535
0029-0009-0581,233.695,5529.329,0,25491,0,65535
0029-0010-0642,166.197,2977.478,0,22150,0,65535
0029-0011-0680,445.103,10089.659,0,62957,0,65535
0029-0012-0756,117.378,5.51,0,2350,0,65535
0029-0013-0766,215.441,265.904,0,6482,0,65535
0029-0014-0773,337.064,12728.807,0,45050,0,65535
0029-0015-0882,161.952,4.826,0,1592,0,65535
0029-0016-0883,245.157,58.689,0,7825,0,65535
0029-0017-0986,174.051,0,0,0,0,65535
0029-0018-0997,204.191,361.817,0,5931,0,65535
0029-0019-1017,379.091,553.762,0,9271,0,65535
0030-0001-0184,521.516,4486.235,0,14368,0,65535
0030-0002-0488,358.29,2053.107,0,18018,0,65535
0030-0003-0489,338.975,823.428,0,22185,0,65535
0030-0004-0491,176.81,889.423,0,17605,0,65535
0030-0005-0520,154.735,210.888,0,9478,0,65535
0030-0006-0594,229.875,5704.311,0,26971,0,65535
0030-0007-0610,213.318,384.105,0,7584,0,65535
0030-0008-0653,224.568,529.565,0,9995,0,65535
0030-0009-0663,248.341,496.105,0,33514,0,65535
0030-0010-0719,160.466,682.392,0,10236,0,65535
0030-0011-0730,275.722,399.978,0,5518,0,65535
0030-0012-0764,588.589,1692.096,0,8686,0,65535
0030-0013-0771,241.124,2115.212,0,10546,0,65535
0030-0014-0778,162.589,6209.277,0,22392,0,65535
0030-0015-0843,297.585,476.899,0,11338,0,65535
0030-0016-0903,214.804,299.177,0,10718,0,65535
0031-0001-0028,481.612,0,0,0,0,65535
0031-0002-0022,159.617,0,0,0,0,65535
0031-0003-0068,110.374,0,0,0,0,65535
0031-0004-0097,124.17,0.132,0,77,0,65535
0031-0005-0271,213.531,3526.214,0,19017,0,65535
0031-0006-0308,104.431,0,0,0,0,65535
0031-0007-0339,382.7,1944.166,0,18845,0,65535
0031-0008-0422,562.482,0.662,0,835,0,65535
0031-0009-0461,390.765,1128.01,0,17812,0,65535
0031-0010-0544,320.296,0,0,0,0,65535
0031-0011-0565,372.724,1.469,0,731,0,65535
0031-0012-0581,342.583,4958.064,0,26834,0,65535
0031-0013-0617,282.939,910.086,0,10408,0,65535
0031-0014-0634,440.434,1109.371,0,10752,0,65535
0031-0015-0652,261.076,133.954,0,5552,0,65535
0031-0016-0683,111.435,7.124,0,938,0,65535
0031-0017-1019,354.045,11.412,0,2970,0,65535
0032-0001-0219,215.866,232.979,0,22977,0,65535
0032-0002-0269,169.169,1422.223,0,15332,0,65535
0032-0003-0353,803.818,4096.308,0,21841,0,65535
0032-0004-0358,373.785,5533.864,0,55967,0,65535
0032-0005-0366,163.226,0.906,0,697,0,65535
0032-0006-0396,243.247,786.673,0,11510,0,65535
0032-0007-0601,287.821,1967.642,0,9960,0,65535
0032-0008-0619,692.807,285.333,0,14919,0,65535
0032-0009-0641,389.28,6407.629,0,36028,0,65535
0032-0010-0770,273.6,1276.491,0,8410,0,65535
0032-0011-0903,568.212,49.79,0,3589,0,65535
0032-0012-0915,181.268,0,0,0,0,65535
0033-0001-0146,452.745,5797.702,0,15883,0,65535
0033-0002-0528,459.749,7969.867,0,27970,0,65535
0033-0003-0527,249.827,7712.152,0,21496,0,65535
0033-0004-0585,326.452,2425.927,0,15263,0,65535
0033-0005-0582,233.907,8315.502,0,34375,0,65535
0033-0006-0613,243.884,1977.254,0,22013,0,65535
0033-0007-0628,201.857,3019.768,0,11820,0,65535
0033-0008-0626,175.961,2190.561,0,10924,0,65535
0033-0009-0653,193.579,1572.519,0,9099,0,65535
0033-0010-0658,234.12,3681.888,0,35236,0,65535
0033-0011-0658,447.65,11597.52,0,65535,0,65535
0033-0012-0984,143.061,496.05,0,6964,0,65535
0033-0013-1004,163.863,211.142,0,5380,0,65535
0033-0014-1015,231.997,6719.304,0,32722,0,65535
0034-0001-0082,698.538,3654.08,0,65535,0,65535
0034-0002-0062,253.435,6.54,0,2488,0,65535
0034-0003-0101,379.304,3831.098,0,12922,0,65535
0034-0004-0094,147.943,10551.436,0,38473,0,65535
0034-0005-0105,177.659,3921.748,0,14575,0,65535
0034-0006-0124,458.051,6073.649,0,15435,0,65535
0034-0007-0122,220.535,7973.005,0,22529,0,65535
0034-0008-0135,277.845,2154.762,0,15849,0,65535
0034-0009-0154,511.328,6824.851,0,19637,0,65535
0034-0010-0151,291.217,1791.142,0,7412,0,65535
0034-0011-0155,213.318,8080.318,0,28108,0,65535
0034-0012-0152,151.764,2358.182,0,14609,0,65535
0034-0013-0164,379.304,5613.368,0,20050,0,65535
0034-0014-0201,331.121,5033.537,0,17639,0,65535
0034-0015-0258,405.199,2388.422,0,23803,0,65535
0034-0016-0255,198.46,4565.938,0,13404,0,65535
0034-0017-0292,341.946,11843.461,0,28934,0,65535
0034-0018-0307,139.877,3078.572,0,17674,0,65535
0034-0019-0329,265.534,363.75,0,10924,0,65535
0034-0020-0340,160.254,3931.099,0,17088,0,65535
0034-0021-0353,448.075,5490.359,0,21875,0,65535
0034-0022-0365,267.869,998.859,0,10649,0,65535
0034-0023-0376,281.029,710.193,0,6000,0,65535
0034-0024-0393,419.42,3750.933,0,12302,0,65535
0034-0025-0407,388.855,5478.714,0,20911,0,65535
0034-0026-0448,537.223,11789.876,0,42640,0,65535
0034-0027-0437,181.692,4921.364,0,25043,0,65535
0034-0028-0440,244.308,4159.027,0,10511,0,65535
0034-0029-0447,185.725,1146.813,0,7033,0,65535
0034-0030-0450,200.583,1380.765,0,9581,0,65535
0034-0031-0464,311.594,1727.223,0,9926,0,65535
0034-0032-0487,424.939,3030.872,0,11613,0,65535
0034-0033-0495,154.099,18271.105,0,35064,0,65535
0034-0034-0502,279.118,22839.342,0,53763,0,65535
0034-0035-0511,389.28,2381.167,0,10718,0,65535
0034-0036-0528,373.148,5302.16,0,25422,0,65535
0034-0037-0542,267.656,11864.403,0,43191,0,65535
0034-0038-0557,265.534,2796.209,0,13886,0,65535
0034-0039-0579,205.253,5618.456,0,15608,0,65535
0034-0040-0617,201.432,6305.039,0,21841,0,65535
0034-0041-0642,456.777,2888.904,0,15160,0,65535
0034-0042-0648,295.25,70.232,0,3314,0,65535
0034-0043-0674,111.435,1695.503,0,4898,0,65535
0034-0044-0693,245.157,842.732,0,6379,0,65535
0034-0045-0694,323.904,2169.183,0,9340,0,65535
0034-0046-0751,222.87,1917.827,0,11751,0,65535
0034-0047-0764,236.03,2739.075,0,11957,0,65535
0034-0048-0768,236.03,1318.21,0,6689,0,65535
0034-0049-0798,361.049,4319.397,0,20601,0,65535
0034-0050-0791,102.732,1159.149,0,10855,0,65535
0034-0051-0812,249.402,1920.437,0,10924,0,65535
0034-0052-0819,220.323,2392.473,0,9719,0,65535
0034-0053-0826,266.595,3056.272,0,20256,0,65535
0034-0054-0853,350.861,840.946,0,18707,0,65535
0034-0055-0869,273.387,100.691,0,4313,0,65535
0034-0056-0990,457.627,1780.072,0,22701,0,65535
0035-0001-0023,306.075,341.438,0,5483,0,65535
0035-0002-0028,230.299,7317.91,0,35098,0,65535
0035-0003-0028,231.36,549.263,0,7240,0,65535
0035-0004-0036,240.275,457.989,0,8583,0,65535
0035-0005-0338,1376.912,34030.277,4140,54520,0,65535
0035-0006-0374,418.359,30464.691,3073,53900,0,65535
0035-0007-0438,312.443,7247.776,0,20153,0,65535
0035-0008-0486,235.818,1719.479,0,16537,0,65535
0035-0009-0516,542.317,9915.221,0,60168,0,65535
0035-0010-0603,205.253,3142.025,0,19017,0,65535
0035-0011-0633,162.801,7273.085,0,24010,0,65535
0035-0012-0694,289.519,5679.217,0,16710,0,65535
0036-0001-0055,270.628,1.274,0,525,0,65535
0036-0002-0053,258.317,10.723,0,1144,0,65535
0036-0003-0046,273.812,12.819,0,1317,0,65535
0036-0004-0075,282.302,14.745,0,2660,0,65535
0036-0005-0071,262.35,0,0,0,0,65535
0036-0006-0146,459.961,1117.317,0,40195,0,65535
0036-0007-0148,201.008,2890.709,0,14437,0,65535
0036-0008-0162,321.357,2.145,0,766,0,65535
0036-0009-0215,271.901,32.358,0,1489,0,65535
0036-0010-0268,468.452,116.407,0,2384,0,65535
0036-0011-0274,421.543,487.654,0,5070,0,65535
0036-0012-0277,558.236,2.854,0,1627,0,65535
0036-0013-0274,260.652,0,0,0,0,65535
0036-0014-0287,313.928,293.893,0,5242,0,65535
0036-0015-0379,479.064,910.965,0,5346,0,65535
0036-0016-0438,554.84,5285.621,0,28314,0,65535
0036-0017-0467,222.87,2069.739,0,8514,0,65535
0036-0018-0479,435.127,1981.719,0,9099,0,65535
0036-0019-0473,314.99,399.809,0,7618,0,65535
0036-0020-0520,561.633,72.554,0,2625,0,65535
0036-0021-0507,396.709,3044.396,0,15401,0,65535
0036-0022-0528,383.549,2467.977,0,12405,0,65535
0036-0023-0554,207.588,3849.943,0,10339,0,65535
0036-0024-0571,488.192,1967.606,0,9375,0,65535
0036-0025-0631,351.286,2.146,0,697,0,65535
0036-0026-0625,276.359,43.981,0,1764,0,65535
0036-0027-0631,372.511,1232.013,0,8652,0,65535
0036-0028-0636,251.949,1323.335,0,9547,0,65535
0036-0029-0714,770.918,1922.352,0,13094,0,65535
0036-0030-0724,688.138,6191.555,0,29141,0,65535
0036-0031-0743,299.707,782.547,0,16744,0,65535
0036-0032-0751,218.413,1160.872,0,7722,0,65535
0036-0033-0762,383.549,0,0,0,0,65535
0036-0034-0772,399.256,4959.679,0,17915,0,65535
0036-0035-0787,325.815,3.279,0,1179,0,65535
0036-0036-0795,284,1009.657,0,7343,0,65535
0036-0037-0811,167.683,1137.395,0,6000,0,65535
0036-0038-0860,485.432,91.483,0,3314,0,65535
0036-0039-0865,525.124,105.711,0,3865,0,65535
0036-0040-0883,372.299,10.334,0,1592,0,65535
0036-0041-0916,407.746,1933.822,0,11269,0,65535
0036-0042-0936,603.235,6393.81,0,19705,0,65535
0036-0043-0928,442.768,13290.551,0,40195,0,65535
0036-0044-0928,116.105,0,0,0,0,65535
0036-0045-0959,324.329,1321.851,0,7205,0,65535
0036-0046-0969,308.834,306.735,0,4760,0,65535
0036-0047-0984,379.728,1317.98,0,11406,0,65535
0036-0048-0969,233.483,5527.211,0,20119,0,65535
0036-0049-0995,298.646,0,0,0,0,65535
0036-0050-0995,220.535,647.825,0,5070,0,65535
0036-0051-1007,413.265,5772.2,0,16882,0,65535
0036-0052-1017,225.629,683.854,0,5380,0,65535
0036-0053-1020,301.405,395.917,0,4244,0,65535
0037-0001-0030,470.574,328.297,0,4347,0,65535
0037-0002-0051,282.939,0.135,0,180,0,65535
0037-0003-0048,255.345,2.057,0,972,0,65535
0037-0004-0039,108.039,0.422,0,215,0,65535
0037-0005-0072,289.943,20.992,0,2832,0,65535
0037-0006-0068,265.109,0.454,0,559,0,65535
0037-0007-0096,286.123,0.389,0,525,0,65535
0037-0008-0142,447.438,1074.118,0,6379,0,65535
0037-0009-0174,639.319,928.589,0,7653,0,65535
0037-0010-0158,329.211,1.99,0,594,0,65535
0037-0011-0212,284.849,112.278,0,2556,0,65535
0037-0012-0233,222.021,1251.877,0,8824,0,65535
0037-0013-0264,471.635,70.269,0,3038,0,65535
0037-0014-0273,569.486,5.045,0,1420,0,65535
0037-0015-0271,275.298,3.071,0,1730,0,65535
0037-0016-0276,358.502,379.183,0,6207,0,65535
0037-0017-0283,324.329,277.155,0,4313,0,65535
0037-0018-0307,314.99,1.76,0,490,0,65535
0037-0019-0347,253.435,696.77,0,6069,0,65535
0037-0020-0375,489.253,864.745,0,4932,0,65535
0037-0021-0469,324.541,976.412,0,9995,0,65535
0037-0022-0526,440.434,3026.939,0,12990,0,65535
0037-0023-0554,110.798,4523.58,0,9926,0,65535
0037-0024-0567,500.29,2494.758,0,11200,0,65535
0037-0025-0628,327.937,3.189,0,1007,0,65535
0037-0026-0621,289.943,848.414,0,4347,0,65535
0037-0027-0630,272.114,915.479,0,6723,0,65535
0037-0028-0633,234.332,1343.034,0,9030,0,65535
0037-0029-0670,248.978,3813.616,0,11165,0,65535
0037-0030-0697,496.045,1.847,0,1144,0,65535
0037-0031-0694,471.635,555.288,0,8169,0,65535
0037-0032-0706,470.574,3935.226,0,19774,0,65535
0037-0033-0720,688.562,7976.028,0,33962,0,65535
0037-0034-0708,359.139,1.457,0,559,0,65535
0037-0035-0725,295.674,4533.555,0,9547,0,65535
0037-0036-0741,278.906,372.18,0,4106,0,65535
0037-0037-0747,219.262,2651.052,0,10752,0,65535
0037-0038-0758,380.153,0.178,0,318,0,65535
0037-0039-0766,390.129,8054.166,0,24354,0,65535
0037-0040-0779,394.586,94.456,0,3245,0,65535
0037-0041-0791,277.632,1657.164,0,7963,0,65535
0037-0042-0812,423.241,1265.355,0,8479,0,65535
0037-0043-0814,307.985,466.711,0,5242,0,65535
0037-0044-0805,176.173,2934.392,0,8548,0,65535
0037-0045-0855,495.408,437.211,0,5139,0,65535
0037-0046-0859,534.676,487.296,0,6275,0,65535
0037-0047-0878,326.239,928.845,0,6585,0,65535
0037-0048-0915,409.656,1259.424,0,9547,0,65535
0037-0049-0934,675.402,5398.291,0,25422,0,65535
0037-0050-0968,528.733,146.491,0,3693,0,65535
0037-0051-0981,375.271,1701.831,0,12164,0,65535
0037-0052-0996,360.625,210.922,0,3383,0,65535
0037-0053-1021,236.03,83.641,0,2074,0,65535
0037-0054-1026,144.123,629.433,0,5070,0,65535
0038-0001-0048,463.782,517,0,4381,0,65535
0038-0002-0068,252.162,0,0,0,0,65535
0038-0003-0090,281.878,35.377,0,1937,0,65535
0038-0004-0086,278.906,0.875,0,352,0,65535
0038-0005-0116,289.094,2.252,0,525,0,65535
0038-0006-0159,442.768,715.027,0,5380,0,65535
0038-0007-0193,641.229,1070.737,0,9099,0,65535
0038-0008-0176,319.023,0.074,0,111,0,65535
0038-0009-0191,536.586,0.459,0,456,0,65535
0038-0010-0230,278.906,88.849,0,2522,0,65535
0038-0011-0252,233.907,1468.31,0,9650,0,65535
0038-0012-0281,461.659,21.133,0,1351,0,65535
0038-0013-0292,553.354,4.958,0,1282,0,65535
0038-0014-0289,266.171,3.923,0,1317,0,65535
0038-0015-0295,362.111,468.013,0,6654,0,65535
0038-0016-0301,302.891,267.221,0,5311,0,65535
0038-0017-0325,337.277,12.021,0,2660,0,65535
0038-0018-0365,248.341,922.271,0,6069,0,65535
0038-0019-0393,474.395,693.095,0,5311,0,65535
0038-0020-0487,338.975,908.658,0,9547,0,65535
0038-0021-0553,579.462,2909.32,0,12405,0,65535
0038-0022-0586,506.021,2147.154,0,9857,0,65535
0038-0023-0628,224.78,217.743,0,3831,0,65535
0038-0024-0645,340.036,1.208,0,697,0,65535
0038-0025-0638,300.768,892.634,0,5415,0,65535
0038-0026-0646,257.892,956.347,0,6758,0,65535
0038-0027-0651,239.638,1016.394,0,8789,0,65535
0038-0028-0665,380.577,609.475,0,9271,0,65535
0038-0029-0686,281.241,3802.949,0,10924,0,65535
0038-0030-0715,505.597,9.169,0,2694,0,65535
0038-0031-0712,486.493,727.521,0,10408,0,65535
0038-0032-0724,469.301,3964.644,0,18466,0,65535
0038-0033-0739,691.746,7432.583,0,33273,0,65535
0038-0034-0727,357.653,5.113,0,1248,0,65535
0038-0035-0742,305.863,4403.585,0,9203,0,65535
0038-0036-0765,227.54,2516.784,0,10477,0,65535
0038-0037-0777,382.275,0,0,0,0,65535
0038-0038-0785,407.746,7827.877,0,24148,0,65535
0038-0039-0798,409.02,107.264,0,3727,0,65535
0038-0040-0810,287.396,1400.792,0,8617,0,65535
0038-0041-0830,444.042,1523.36,0,10132,0,65535
0038-0042-0831,329.635,548.482,0,6448,0,65535
0038-0043-0823,172.99,2920.09,0,8686,0,65535
0038-0044-0873,507.082,397.294,0,5105,0,65535
0038-0045-0877,541.468,444.215,0,5828,0,65535
0038-0046-0896,330.697,1188.747,0,7412,0,65535
0038-0047-0947,513.45,2.199,0,835,0,65535
0038-0048-0985,537.435,229.764,0,4519,0,65535
0038-0049-0999,385.459,1420.457,0,12164,0,65535
0038-0050-1012,363.172,313.823,0,5483,0,65535
0039-0001-0027,339.612,906.018,0,5415,0,65535
0039-0002-0015,154.099,569.394,0,5828,0,65535
0039-0003-0030,209.922,0.391,0,387,0,65535
0039-0004-0048,247.067,169.377,0,5449,0,65535
0039-0005-0074,346.404,103.271,0,2522,0,65535
0039-0006-0110,242.822,137.187,0,3486,0,65535
0039-0007-0120,326.452,0,0,0,0,65535
0039-0008-0151,367.205,44.539,0,2488,0,65535
0039-0009-0159,440.009,1052.537,0,5931,0,65535
0039-0010-0164,462.508,157.096,0,6792,0,65535
0039-0011-0188,444.891,252.115,0,3968,0,65535
0039-0012-0183,345.13,486.33,0,3624,0,65535
0039-0013-0197,427.698,337.888,0,3658,0,65535
0039-0014-0207,243.671,729.159,0,65535,0,65535
0039-0015-0254,250.039,78.474,0,2935,0,65535
0039-0016-0261,296.736,2505.243,0,9650,0,65535
0039-0017-0268,296.099,54.352,0,3176,0,65535
0039-0018-0263,237.304,1180.265,0,5621,0,65535
0039-0019-0270,215.441,1507.176,0,5656,0,65535
0039-0020-0275,248.765,2490.601,0,8996,0,65535
0039-0021-0280,219.049,319.268,0,3624,0,65535
0039-0022-0286,299.707,1343.029,0,6723,0,65535
0039-0023-0290,371.026,750.3,0,6000,0,65535
0039-0024-0313,306.499,0.249,0,249,0,65535
0039-0025-0308,140.939,25.435,0,2419,0,65535
0039-0026-0326,240.487,284.323,0,3417,0,65535
0039-0027-0328,211.408,237.202,0,3348,0,65535
0039-0028-0337,353.408,1262.204,0,7653,0,65535
0039-0029-0336,281.665,516.313,0,6448,0,65535
0039-0030-0347,214.804,343.123,0,21221,0,65535
0039-0031-0357,348.951,422.106,0,4554,0,65535
0039-0032-0361,367.842,1015.507,0,6310,0,65535
0039-0033-0377,190.819,48.905,0,3038,0,65535
0039-0034-0387,280.179,4.552,0,1076,0,65535
0039-0035-0395,383.336,1482.262,0,11682,0,65535
0039-0036-0399,240.487,53.938,0,1799,0,65535
0039-0037-0406,193.579,24.831,0,2625,0,65535
0039-0038-0412,280.179,60.14,0,5587,0,65535
0039-0039-0430,209.922,1.34,0,835,0,65535
0039-0040-0436,352.559,222.187,0,3107,0,65535
0039-0041-0442,301.193,118.592,0,2970,0,65535
0039-0042-0452,436.613,1174.371,0,5587,0,65535
0039-0043-0450,311.594,2557.685,0,12922,0,65535
0039-0044-0463,224.568,686.959,0,4932,0,65535
0039-0045-0468,265.109,7.684,0,1007,0,65535
0039-0046-0473,283.788,79.031,0,3142,0,65535
0039-0047-0483,180.419,161.711,0,3693,0,65535
0039-0048-0490,244.945,0.767,0,559,0,65535
0039-0049-0496,226.266,86.39,0,1799,0,65535
0039-0050-0510,349.588,344.194,0,6620,0,65535
0039-0051-0575,606.843,3753.016,0,13438,0,65535
0039-0052-0558,397.558,314.527,0,3521,0,65535
0039-0053-0575,209.286,44.489,0,1558,0,65535
0039-0054-0585,281.665,97.976,0,3348,0,65535
0039-0055-0610,333.668,812.791,0,7653,0,65535
0039-0056-0613,424.09,650.51,0,5070,0,65535
0039-0057-0697,254.921,33.369,0,2074,0,65535
0039-0058-0724,297.16,782.074,0,5208,0,65535
0039-0059-0726,224.144,330.869,0,7343,0,65535
0039-0060-0734,501.351,0.32,0,628,0,65535
0039-0061-0733,308.834,585.838,0,3589,0,65535
0039-0062-0746,358.502,124.11,0,3038,0,65535
0039-0063-0754,411.354,451.166,0,4829,0,65535
0039-0064-0797,267.869,137.101,0,2625,0,65535
0039-0065-0804,323.055,537.572,0,4829,0,65535
0039-0066-0801,295.674,757.103,0,8169,0,65535
0039-0067-0807,291.217,7.453,0,1764,0,65535
0039-0068-0827,198.885,3837.895,0,9719,0,65535
0039-0069-0847,458.263,346.937,0,3899,0,65535
0039-0070-0848,287.821,121.726,0,3555,0,65535
0039-0071-0863,304.801,2515.946,0,8376,0,65535
0039-0072-0879,330.484,1181.303,0,6379,0,65535
0039-0073-0883,366.993,65.909,0,2178,0,65535
0039-0074-0886,280.392,96.792,0,3348,0,65535
0039-0075-0925,353.62,637.677,0,6585,0,65535
0039-0076-0945,290.792,92.409,0,3934,0,65535
0039-0077-0963,261.713,499.232,0,5036,0,65535
0039-0078-0974,284.849,1635.676,0,8169,0,65535
0039-0079-0990,298.646,103.341,0,4760,0,65535
0039-0080-0994,266.383,2.562,0,835,0,65535
0039-0081-0995,287.184,91.647,0,2591,0,65535
0039-0082-1006,383.973,68.197,0,2970,0,65535
0039-0083-1003,231.36,151.558,0,5346,0,65535
0040-0001-0016,170.867,3025.216,0,10855,0,65535
0040-0002-0048,253.86,610.079,0,6999,0,65535
0040-0003-0082,269.567,1324.807,0,9960,0,65535
0040-0004-0089,269.567,682.104,0,5415,0,65535
0040-0005-0117,235.393,1826.369,0,9271,0,65535
0040-0006-0130,439.16,2844.668,0,9650,0,65535
0040-0007-0137,252.374,1588.639,0,12440,0,65535
0040-0008-0147,213.318,1098.081,0,11820,0,65535
0040-0009-0157,295.462,2172.544,0,8583,0,65535
0040-0010-0191,381.426,1210.912,0,7205,0,65535
0040-0011-0206,318.386,2315.579,0,10063,0,65535
0040-0012-0246,269.354,235.442,0,4519,0,65535
0040-0013-0265,403.501,258.158,0,6448,0,65535
0040-0014-0300,441.283,337.598,0,5036,0,65535
0040-0015-0310,525.549,2635.642,0,11338,0,65535
0040-0016-0310,469.088,3430.88,0,15780,0,65535
0040-0017-0320,437.462,1043.949,0,8445,0,65535
0040-0018-0332,422.392,9.208,0,4726,0,65535
0040-0019-0337,240.275,2136.671,0,10442,0,65535
0040-0020-0347,276.147,93.644,0,3796,0,65535
0040-0021-0346,265.746,174.656,0,5208,0,65535
0040-0022-0379,320.933,354.886,0,3727,0,65535
0040-0023-0400,444.254,474.938,0,7791,0,65535
0040-0024-0401,370.177,543.692,0,5724,0,65535
0040-0025-0410,475.668,1981.944,0,12543,0,65535
0040-0026-0414,429.396,718.013,0,5552,0,65535
0040-0027-0436,342.795,703.087,0,5621,0,65535
0040-0028-0442,340.885,347.017,0,4485,0,65535
0040-0029-0508,340.248,3537.357,0,25697,0,65535
0040-0030-0503,256.194,120.774,0,3934,0,65535
0040-0031-0528,383.761,2743.866,0,15126,0,65535
0040-0032-0531,360.2,1970.603,0,16331,0,65535
0040-0033-0526,278.694,170.819,0,4003,0,65535
0040-0034-0533,383.124,1698.565,0,9685,0,65535
0040-0035-0608,293.976,1499.022,0,10477,0,65535
0040-0036-0613,292.915,747.71,0,4106,0,65535
0040-0037-0614,305.65,48.153,0,4072,0,65535
0040-0038-0638,367.629,972.853,0,7997,0,65535
0040-0039-0673,489.89,891.813,0,9030,0,65535
0040-0040-0682,277.208,123.4,0,4072,0,65535
0040-0041-0715,343.644,23.078,0,3762,0,65535
0040-0042-0731,528.945,786.752,0,6448,0,65535
0040-0043-0748,378.879,3407.778,0,11889,0,65535
0040-0044-0770,364.87,607.553,0,9891,0,65535
0040-0045-0791,277.208,676.021,0,9581,0,65535
0040-0046-0793,296.948,860.737,0,9168,0,65535
0040-0047-0801,340.461,2393.458,0,13679,0,65535
0040-0048-0824,405.411,214.719,0,6379,0,65535
0040-0049-0830,368.478,738.027,0,6138,0,65535
0040-0050-0833,331.546,265.531,0,5070,0,65535
0040-0051-0857,493.073,3100.973,0,15504,0,65535
0040-0052-0859,400.317,439.123,0,5931,0,65535
0040-0053-0865,379.516,278.164,0,5587,0,65535
0040-0054-0876,424.727,247.889,0,5931,0,65535
0040-0055-0902,303.74,41.952,0,3280,0,65535
0040-0056-0912,288.67,103.091,0,6930,0,65535
0040-0057-0940,361.899,523.638,0,6930,0,65535
0040-0058-0979,325.39,1943.36,0,7963,0,65535
0040-0059-0997,367.417,1030.039,0,7722,0,65535
0040-0060-0998,278.694,497.852,0,6379,0,65535
0040-0061-1016,378.667,752.635,0,10029,0,65535
0040-0062-1018,237.728,0,0,0,0,65535
0041-0001-0032,281.878,0.349,0,387,0,65535
0041-0002-0038,223.931,40.904,0,3176,0,65535
0041-0003-0049,527.884,78.865,0,3004,0,65535
0041-0004-0066,307.561,2545.145,0,8789,0,65535
0041-0005-0088,282.09,433.825,0,5862,0,65535
0041-0006-0086,232.422,194.044,0,6034,0,65535
0041-0007-0109,257.892,452.464,0,5449,0,65535
0041-0008-0118,322.843,2486.034,0,11682,0,65535
0041-0009-0111,219.898,762.193,0,8927,0,65535
0041-0010-0143,336.215,48.987,0,2556,0,65535
0041-0011-0152,311.806,320.494,0,4140,0,65535
0041-0012-0151,303.316,251.92,0,3796,0,65535
0041-0013-0175,465.905,3593.342,0,14230,0,65535
0041-0014-0178,337.064,181.475,0,3073,0,65535
0041-0015-0174,243.034,468.066,0,5070,0,65535
0041-0016-0183,308.834,386.079,0,4450,0,65535
0041-0017-0193,375.483,588.339,0,7687,0,65535
0041-0018-0220,250.888,5.072,0,1144,0,65535
0041-0019-0229,264.048,215.391,0,5656,0,65535
0041-0020-0257,290.792,383.225,0,3899,0,65535
0041-0021-0298,298.221,2435.92,0,8617,0,65535
0041-0022-0315,279.543,1234,0,7963,0,65535
0041-0023-0315,223.931,751.709,0,6138,0,65535
0041-0024-0346,475.456,239.18,0,6585,0,65535
0041-0025-0335,350.224,1437.788,0,9822,0,65535
0041-0026-0339,291.429,0.106,0,146,0,65535
0041-0027-0400,358.927,776.707,0,7928,0,65535
0041-0028-0446,553.142,4461.969,0,11682,0,65535
0041-0029-0466,600.051,109.672,0,6551,0,65535
0041-0030-0488,712.123,204.307,0,7446,0,65535
0041-0031-0496,636.984,1457.304,0,9134,0,65535
0041-0032-0520,535.1,1275.562,0,7412,0,65535
0041-0033-0549,401.166,650.713,0,5518,0,65535
0041-0034-0576,286.972,1104.689,0,6207,0,65535
0041-0035-0580,299.283,10.904,0,2005,0,65535
0041-0036-0583,318.174,387.709,0,4760,0,65535
0041-0037-0618,287.184,14.177,0,2488,0,65535
0041-0038-0662,429.184,1800.315,0,9306,0,65535
0041-0039-0680,379.728,1389.738,0,10270,0,65535
0041-0040-0680,425.363,2967.588,0,17054,0,65535
0041-0041-0697,426.637,643.547,0,6310,0,65535
0041-0042-0686,153.25,250.942,0,4003,0,65535
0041-0043-0693,264.685,589.55,0,8376,0,65535
0041-0044-0716,321.145,1523.475,0,10649,0,65535
0041-0045-0749,248.978,2729.978,0,9995,0,65535
0041-0046-0781,249.19,1196.724,0,9271,0,65535
0041-0047-0800,242.822,2315.861,0,14919,0,65535
0041-0048-0807,323.268,409.227,0,4864,0,65535
0041-0049-0928,329.423,1578.27,0,13197,0,65535
0041-0050-0968,397.345,48.376,0,6689,0,65535
0041-0051-0970,596.23,2811.672,0,14609,0,65535
0041-0052-0963,287.396,6.041,0,2384,0,65535
0041-0053-0965,259.378,338.109,0,4175,0,65535
0041-0054-0966,252.798,2504.039,0,13507,0,65535
0041-0055-0983,300.344,287.078,0,5380,0,65535
0041-0056-1019,237.94,106.726,0,2729,0,65535
0041-0057-1023,175.112,1286.297,0,6034,0,65535
0041-0058-1023,160.466,280.989,0,4381,0,65535
0041-0059-1030,106.978,15.456,0,1420,0,65535
0042-0001-0017,271.265,1774.618,0,6654,0,65535
0042-0002-0094,513.238,6.907,0,15849,0,65535
0042-0003-0078,230.087,370.983,0,5346,0,65535
0042-0004-0076,227.752,72.328,0,2591,0,65535
0042-0005-0104,291.005,736.969,0,7446,0,65535
0042-0006-0113,434.49,527.125,0,6379,0,65535
0042-0007-0119,235.393,40.589,0,2178,0,65535
0042-0008-0131,206.314,266.8,0,3142,0,65535
0042-0009-0180,194.428,698.473,0,4967,0,65535
0042-0010-0198,324.117,63.525,0,3004,0,65535
0042-0011-0246,452.532,1361.039,0,7171,0,65535
0042-0012-0251,526.61,601.346,0,6344,0,65535
0042-0013-0243,271.477,893.876,0,6275,0,65535
0042-0014-0268,270.416,481.14,0,4381,0,65535
0042-0015-0302,217.988,552.265,0,6000,0,65535
0042-0016-0310,315.839,177.019,0,3589,0,65535
0042-0017-0308,267.02,33.742,0,1386,0,65535
0042-0018-0346,372.936,737.965,0,5587,0,65535
0042-0019-0346,123.534,713.902,0,3934,0,65535
0042-0020-0393,324.966,261.941,0,4037,0,65535
0042-0021-0393,228.601,734.302,0,5518,0,65535
0042-0022-0393,386.308,1884.916,0,7687,0,65535
0042-0023-0410,312.655,816.005,0,5483,0,65535
0042-0024-0408,253.86,1894.219,0,8927,0,65535
0042-0025-0419,310.32,784.344,0,8376,0,65535
0042-0026-0477,442.556,1234.892,0,6895,0,65535
0042-0027-0493,306.075,30.842,0,3073,0,65535
0042-0028-0507,393.525,2155.201,0,9065,0,65535
0042-0029-0502,294.401,454.275,0,4657,0,65535
0042-0030-0549,282.514,663.32,0,6069,0,65535
0042-0031-0568,410.718,628.44,0,6792,0,65535
0042-0032-0596,262.138,6136.883,0,18431,0,65535
0042-0033-0610,288.882,311.29,0,4967,0,65535
0042-0034-0632,316.475,454.376,0,5277,0,65535
0042-0035-0631,247.492,277.535,0,3589,0,65535
0042-0036-0631,319.235,38.839,0,2040,0,65535
0042-0037-0642,557.6,9.869,0,2040,0,65535
0042-0038-0644,317.325,4.748,0,1076,0,65535
0042-0039-0663,285.698,616.527,0,4864,0,65535
0042-0040-0704,359.988,77.755,0,2832,0,65535
0042-0041-0725,487.979,2987.443,0,11338,0,65535
0042-0042-0736,319.235,190.867,0,3658,0,65535
0042-0043-0752,406.048,324.064,0,3762,0,65535
0042-0044-0778,310.957,305.278,0,3176,0,65535
0042-0045-0798,287.184,342.484,0,4209,0,65535
0042-0046-0831,466.754,135.752,0,2453,0,65535
0042-0047-0885,478.64,500.753,0,4760,0,65535
0042-0048-0928,275.722,363.188,0,15780,0,65535
0042-0049-0937,332.607,840.273,0,4657,0,65535
0042-0050-0991,606.843,28.483,0,3004,0,65535
0042-0051-0981,260.227,60.273,0,2556,0,65535
0042-0052-1009,382.487,77.9,0,2970,0,65535
0042-0053-1025,177.872,132.438,0,4003,0,65535
0043-0001-0028,456.565,5380.66,0,17639,0,65535
0043-0002-0140,399.468,1064.897,0,10614,0,65535
0043-0003-0133,258.742,3078.169,0,11200,0,65535
0043-0004-0149,418.359,20.676,0,3486,0,65535
0043-0005-0154,384.822,1485.22,0,7377,0,65535
0043-0006-0162,473.546,507.42,0,5242,0,65535
0043-0007-0164,408.595,1394.781,0,9719,0,65535
0043-0008-0169,235.181,2791.336,0,11131,0,65535
0043-0009-0182,348.951,818.086,0,6207,0,65535
0043-0010-0257,273.6,148.661,0,8169,0,65535
0043-0011-0280,280.604,945.832,0,8858,0,65535
0043-0012-0334,369.752,1591.865,0,8514,0,65535
0043-0013-0358,383.973,446.287,0,4485,0,65535
0043-0014-0413,342.371,5022.433,0,20739,0,65535
0043-0015-0429,420.694,1919.902,0,8135,0,65535
0043-0016-0434,428.335,2809.592,0,14024,0,65535
0043-0017-0429,279.33,775.48,0,7377,0,65535
0043-0018-0473,418.996,4245.382,0,16469,0,65535
0043-0019-0529,397.77,677.963,0,7171,0,65535
0043-0020-0566,255.558,1462.283,0,10924,0,65535
0043-0021-0615,413.689,1493.88,0,8135,0,65535
0043-0022-0646,325.178,164.492,0,3693,0,65535
0043-0023-0762,458.263,1722.526,0,8032,0,65535
0043-0024-0777,331.333,1913.001,0,10132,0,65535
0043-0025-0793,351.073,1612.417,0,11544,0,65535
0043-0026-0798,280.179,1323.167,0,6379,0,65535
0043-0027-0804,364.021,2202.493,0,10442,0,65535
0043-0028-0819,240.487,957.047,0,6207,0,65535
0043-0029-0830,364.446,3798.97,0,21324,0,65535
0043-0030-0828,201.644,2917.552,0,12922,0,65535
0043-0031-0853,251.737,4439.578,0,20325,0,65535
0043-0032-0856,233.271,2399.414,0,11062,0,65535
0043-0033-0877,244.308,2046.827,0,10511,0,65535
0043-0034-0906,312.867,883.965,0,5621,0,65535
0043-0035-0925,389.704,1021.425,0,5931,0,65535
0043-0036-0933,363.809,1045.443,0,5552,0,65535
0043-0037-0975,328.15,98.521,0,3727,0,65535
0043-0038-0980,468.876,2911.468,0,14609,0,65535
0043-0039-0988,246.218,2016.636,0,14609,0,65535
0044-0001-0013,104.855,40.043,0,1902,0,65535
0044-0002-0016,156.009,1367.275,0,5415,0,65535
0044-0003-0017,206.526,208.997,0,2625,0,65535
0044-0004-0021,105.067,275.707,0,2625,0,65535
0044-0005-0108,287.821,53.126,0,2935,0,65535
0044-0006-0118,292.066,54.281,0,2935,0,65535
0044-0007-0182,669.035,644.582,0,6826,0,65535
0044-0008-0243,372.724,372.282,0,4864,0,65535
0044-0009-0259,307.348,1110.019,0,8961,0,65535
0044-0010-0293,260.44,394.956,0,3280,0,65535
0044-0011-0321,301.83,1076.186,0,10029,0,65535
0044-0012-0319,332.183,2211.572,0,8204,0,65535
0044-0013-0339,388.006,1838.426,0,7412,0,65535
0044-0014-0346,269.779,323.415,0,4726,0,65535
0044-0015-0359,396.072,1650.128,0,6930,0,65535
0044-0016-0412,503.686,1213.471,0,7481,0,65535
0044-0017-0477,442.344,1553.928,0,7997,0,65535
0044-0018-0491,301.617,1502.691,0,6482,0,65535
0044-0019-0502,499.866,2048.781,0,9340,0,65535
0044-0020-0500,352.771,819.892,0,7722,0,65535
0044-0021-0538,263.836,1189.192,0,7102,0,65535
0044-0022-0562,349.588,828.574,0,5966,0,65535
0044-0023-0567,333.244,1155.569,0,7343,0,65535
0044-0024-0572,469.725,1488.934,0,7928,0,65535
0044-0025-0606,580.736,938.864,0,7274,0,65535
0044-0026-0606,352.984,735.855,0,5277,0,65535
0044-0027-0656,432.792,2324.745,0,9581,0,65535
0044-0028-0677,349.8,1280.165,0,6861,0,65535
0044-0029-0685,317.325,164.896,0,2866,0,65535
0044-0030-0696,469.725,2068.172,0,8445,0,65535
0044-0031-0694,346.828,242.305,0,5552,0,65535
0044-0032-0750,502.625,1511.609,0,8927,0,65535
0044-0033-0752,304.165,77.47,0,18121,0,65535
0044-0034-0791,400.317,755.894,0,7240,0,65535
0044-0035-0800,313.716,316.254,0,3934,0,65535
0044-0036-0850,448.924,819.679,0,5242,0,65535
0044-0037-0852,289.094,1440.628,0,7171,0,65535
0044-0038-0902,576.278,1475.5,0,8135,0,65535
0044-0039-0881,399.468,550.509,0,5036,0,65535
0044-0040-0901,423.665,407.431,0,4864,0,65535
0044-0041-0936,335.154,243.687,0,4175,0,65535
0044-0042-0976,423.878,1495.469,0,10821,0,65535
0044-0043-1017,250.888,256.01,0,4003,0,65535
0045-0001-0019,196.338,1444.07,0,9065,0,65535
0045-0002-0025,354.47,90.213,0,4140,0,65535
0045-0003-0043,270.628,30.931,0,2384,0,65535
0045-0004-0052,304.801,163.83,0,4829,0,65535
0045-0005-0064,346.191,281.055,0,4347,0,65535
0045-0006-0077,347.041,114.415,0,4244,0,65535
0045-0007-0090,155.372,221.348,0,3486,0,65535
0045-0008-0136,456.141,1734.51,0,9444,0,65535
0045-0009-0142,375.483,82.806,0,3934,0,65535
0045-0010-0142,340.036,905.443,0,6310,0,65535
0045-0011-0138,286.335,19.57,0,3038,0,65535
0045-0012-0160,322.843,217.431,0,3658,0,65535
0045-0013-0155,144.123,209.82,0,2694,0,65535
0045-0014-0169,476.093,366.534,0,6069,0,65535
0045-0015-0198,307.773,301.623,0,6344,0,65535
0045-0016-0295,442.132,1512.915,0,6275,0,65535
0045-0017-0299,453.381,1314.29,0,8169,0,65535
0045-0018-0348,325.603,1397.737,0,8307,0,65535
0045-0019-0428,302.466,1256.303,0,6275,0,65535
0045-0020-0438,409.656,1340.865,0,8032,0,65535
0045-0021-0475,649.932,2749.849,0,11165,0,65535
0045-0022-0483,435.127,3083.462,0,12956,0,65535
0045-0023-0480,297.372,1179.495,0,6344,0,65535
0045-0024-0521,467.178,2318.799,0,10787,0,65535
0045-0025-0558,197.611,3718.696,0,8583,0,65535
0045-0026-0580,350.861,2060.619,0,9960,0,65535
0045-0027-0614,357.017,797.919,0,5897,0,65535
0045-0028-0654,317.112,1811.833,0,8066,0,65535
0045-0029-0679,333.244,831.236,0,7446,0,65535
0045-0030-0685,465.056,463.921,0,5656,0,65535
0045-0031-0759,308.622,3148.693,0,12164,0,65535
0045-0032-0789,415.6,677.847,0,13369,0,65535
0045-0033-0828,322.206,1755.907,0,7309,0,65535
0045-0034-0842,480.338,3106.464,0,11992,0,65535
0045-0035-0849,302.891,657.632,0,6172,0,65535
0045-0036-0941,458.9,3361.726,0,11957,0,65535
0045-0037-1004,485.22,308.201,0,4864,0,65535
0045-0038-1009,393.737,1009.347,0,5724,0,65535
0045-0039-1012,442.556,201.862,0,4898,0,65535
0045-0040-1019,337.277,69.067,0,2832,0,65535
0045-0041-1020,227.115,1963.283,0,10236,0,65535
0046-0001-0017,231.573,1540.039,0,7171,0,65535
0046-0002-0048,615.121,3367.693,0,9340,0,65535
0046-0003-0027,244.945,1879.053,0,8893,0,65535
0046-0004-0042,284.849,405.745,0,3658,0,65535
0046-0005-0060,287.608,6248.865,0,14024,0,65535
0046-0006-0091,372.511,2555.566,0,8445,0,65535
0046-0007-0094,249.827,186.14,0,4450,0,65535
0046-0008-0108,485.857,162.537,0,5070,0,65535
0046-0009-0187,509.63,4004.631,0,16675,0,65535
0046-0010-0198,357.017,3743.798,0,65535,0,65535
0046-0011-0219,456.353,4892.808,0,18810,0,65535
0046-0012-0228,355.743,4414.335,0,12853,0,65535
0046-0013-0244,340.248,5226.551,0,17329,0,65535
0046-0014-0253,387.157,2383.651,0,8548,0,65535
0046-0015-0289,596.443,1975.719,0,11062,0,65535
0046-0016-0288,263.199,1488.056,0,8342,0,65535
0046-0017-0317,370.601,4372.762,0,17123,0,65535
0046-0018-0415,427.91,3009.823,0,9995,0,65535
0046-0019-0449,347.677,1576.937,0,7963,0,65535
0046-0020-0447,266.383,1704.398,0,7584,0,65535
0046-0021-0484,332.395,264.978,0,4519,0,65535
0046-0022-0551,437.038,1993.432,0,9203,0,65535
0046-0023-0585,389.28,2687.324,0,10924,0,65535
0046-0024-0631,265.958,330.88,0,3555,0,65535
0046-0025-0646,297.372,3454.331,0,9616,0,65535
0046-0026-0649,364.658,2518.634,0,9719,0,65535
0046-0027-0655,269.142,2479.014,0,7860,0,65535
0046-0028-0677,349.8,2109.875,0,6344,0,65535
0046-0029-0672,261.289,3434.25,0,8824,0,65535
0046-0030-0688,258.742,3701.692,0,13886,0,65535
0046-0031-0696,586.467,4452.169,0,16469,0,65535
0046-0032-0711,302.891,3448.62,0,15711,0,65535
0046-0033-0706,247.704,1199.427,0,5621,0,65535
0046-0034-0711,287.184,1409.849,0,6826,0,65535
0046-0035-0765,283.363,1843.613,0,7963,0,65535
0046-0036-0771,485.008,588.572,0,18776,0,65535
0046-0037-0815,501.988,1416.405,0,7171,0,65535
0047-0001-0210,301.83,2594.353,0,11544,0,65535
0047-0002-0244,359.139,2002.723,0,7928,0,65535
0047-0003-0271,446.801,3253.636,0,15745,0,65535
0047-0004-0295,255.345,1129.369,0,6379,0,65535
0047-0005-0327,399.468,897.867,0,5070,0,65535
0047-0006-0351,253.435,285.272,0,4623,0,65535
0047-0007-0388,260.44,768.036,0,5483,0,65535
0047-0008-0421,358.715,202.269,0,4795,0,65535
0047-0009-0446,441.707,1856.096,0,9134,0,65535
0047-0010-0450,393.1,124.413,0,3280,0,65535
0047-0011-0473,210.559,3317.325,0,9512,0,65535
0047-0012-0505,202.706,3767.946,0,11234,0,65535
0047-0013-0517,313.504,365.932,0,3211,0,65535
0047-0014-0522,276.996,2155.066,0,9134,0,65535
0047-0015-0545,503.899,1815.402,0,8961,0,65535
0047-0016-0571,548.897,4626.038,0,16193,0,65535
0047-0017-0590,219.474,3640.232,0,10201,0,65535
0047-0018-0609,223.931,5574.004,0,14816,0,65535
0047-0019-0609,285.061,40.601,0,2384,0,65535
0047-0020-0615,282.514,2368.177,0,14712,0,65535
0047-0021-0638,297.797,5048.982,0,15435,0,65535
0047-0022-0640,285.486,2050.039,0,9547,0,65535
0047-0023-0662,289.307,683.547,0,6069,0,65535
0047-0024-0677,294.188,98.905,0,2729,0,65535
0047-0025-0692,350.649,1957.871,0,11303,0,65535
0047-0026-0690,299.707,1653.277,0,6792,0,65535
0047-0027-0696,391.402,1928.437,0,7274,0,65535
0047-0028-0777,340.461,7357.034,0,17915,0,65535
0047-0029-0821,417.085,1144.77,0,6689,0,65535
0047-0030-0876,337.701,1816.938,0,10063,0,65535
0047-0031-0887,521.94,1393.419,0,9753,0,65535
0047-0032-0906,329.848,2321.468,0,11923,0,65535
0047-0033-0957,320.721,925.248,0,9719,0,65535
0047-0034-1008,526.822,2355.046,0,8824,0,65535
0047-0035-1014,259.378,180.682,0,3004,0,65535
0048-0001-0018,212.045,532.779,0,4106,0,65535
0048-0002-0015,109.312,2589.672,0,7171,0,65535
0048-0003-0016,224.356,3865.4,284,7963,0,65535
0048-0004-0029,294.188,3151.565,0,11234,0,65535
0048-0005-0028,117.166,4031.647,215,13128,0,65535
0048-0006-0043,318.81,5596.575,0,15642,0,65535
0048-0007-0035,122.26,4340.583,1213,9030,0,65535
0048-0008-0044,297.797,71.691,0,2040,0,65535
0048-0009-0059,407.534,2958.783,0,8514,0,65535
0048-0010-0056,304.801,4717.879,284,10683,0,65535
0048-0011-0052,162.589,1750.928,0,6620,0,65535
0048-0012-0055,230.087,4249.055,0,9134,0,65535
0048-0013-0070,181.48,1864.954,0,6620,0,65535
0048-0014-0096,407.322,3444.158,0,7687,0,65535
0048-0015-0087,259.166,4316.298,0,12405,0,65535
0048-0016-0104,270.628,908.116,0,5346,0,65535
0048-0017-0109,308.834,229.871,0,5139,0,65535
0048-0018-0131,707.665,12002.412,0,63543,0,65535
0048-0019-0122,291.005,797.801,0,7618,0,65535
0048-0020-0139,379.091,6322.148,0,16985,0,65535
0048-0021-0144,320.508,729.169,0,4485,0,65535
0048-0022-0159,860.915,5727.7,0,17054,0,65535
0048-0023-0156,473.758,2416.572,0,7997,0,65535
0048-0024-0203,533.402,4549.506,0,11372,0,65535
0048-0025-0217,358.927,4013.862,0,10787,0,65535
0048-0026-0227,305.226,2577.585,0,10993,0,65535
0048-0027-0275,270.84,5070.151,0,12543,0,65535
0048-0028-0287,245.369,914.483,0,4623,0,65535
0048-0029-0302,522.789,5043.185,0,12990,0,65535
0048-0030-0315,255.77,977.833,0,6172,0,65535
0048-0031-0311,182.117,1851.501,0,5759,0,65535
0048-0032-0355,577.976,2519.72,0,9340,0,65535
0048-0033-0346,284.637,3372.399,0,11613,0,65535
0048-0034-0348,268.93,1265.767,0,7653,0,65535
0048-0035-0358,321.145,3239.562,0,9547,0,65535
0048-0036-0377,471.848,4678.194,0,16469,0,65535
0048-0037-0373,253.647,952.866,0,4726,0,65535
0048-0038-0384,287.821,1494.26,0,6551,0,65535
0048-0039-0403,262.138,671.347,0,4072,0,65535
0048-0040-0406,302.679,1117.992,0,6069,0,65535
0048-0041-0426,655.238,4999.35,0,17777,0,65535
0048-0042-0421,298.009,1600.704,0,7687,0,65535
0048-0043-0423,289.307,1487.513,0,5587,0,65535
0048-0044-0428,310.108,3259.479,0,10167,0,65535
0048-0045-0444,343.008,2611.186,0,10855,0,65535
0048-0046-0456,448.075,1124.078,0,6275,0,65535
0048-0047-0483,125.656,3992.752,0,12026,0,65535
0048-0048-0504,440.858,449.945,0,5552,0,65535
0048-0049-0514,301.405,2732.689,0,7343,0,65535
0048-0050-0534,353.408,3190.451,0,12371,0,65535
0048-0051-0535,332.183,5866.8,0,21806,0,65535
0048-0052-0570,315.626,1735.644,0,9306,0,65535
0048-0053-0578,289.519,5629.688,0,18087,0,65535
0048-0054-0590,277.632,2912.872,0,10304,0,65535
0048-0055-0619,347.677,1224.759,0,7584,0,65535
0048-0056-0664,317.749,677.906,0,6654,0,65535
0048-0057-0704,275.298,405.297,0,5862,0,65535
0048-0058-0803,433.641,2361.391,0,8824,0,65535
0049-0001-0016,198.036,1135.115,0,11647,0,65535
0049-0002-0062,316.688,119.288,0,2178,0,65535
0049-0003-0069,387.794,15.223,0,3314,0,65535
0049-0004-0159,155.16,0,0,0,0,65535
0049-0005-0197,434.703,257.082,0,4760,0,65535
0049-0006-0258,291.429,1153.167,0,6207,0,65535
0049-0007-0300,609.39,2100.985,0,14919,0,65535
0049-0008-0294,153.462,3638.47,0,9616,0,65535
0049-0009-0303,126.293,3179.353,0,9857,0,65535
0049-0010-0329,484.371,1663.932,0,8032,0,65535
0049-0011-0348,419.208,839.977,0,5828,0,65535
0049-0012-0389,386.308,1354.912,0,6379,0,65535
0049-0013-0419,344.918,1247.855,0,10167,0,65535
0049-0014-0420,120.35,0,0,0,0,65535
0049-0015-0499,345.767,846.495,0,9030,0,65535
0049-0016-0735,500.927,135.828,0,4244,0,65535
0049-0017-0768,470.999,570.351,0,7791,0,65535
0049-0018-0904,451.259,209.516,0,14127,0,65535
0049-0019-1001,414.114,73.502,0,8479,0,65535
0049-0020-1020,204.191,0,0,0,0,65535