"","ID","Description","setSize","enrichmentScore","NES","pvalue","p.adjust","qvalue","rank","leading_edge","core_enrichment","CellLine"
"HALLMARK_HYPOXIA","HALLMARK_HYPOXIA","HALLMARK_HYPOXIA",182,0.711000512324775,3.05631106327603,1e-10,1.66666666666667e-09,8.7719298245614e-10,1794,"tags=48%, list=11%, signal=43%","50527/18787/14219/20525/22695/20856/16007/19252/14281/15277/13807/18712/12577/70186/17872/20527/22339/11535/17133/52331/18793/103988/56421/11910/16828/14284/74747/16948/21991/17886/74155/18030/14066/11639/14751/12452/60406/107817/12226/17988/23871/18641/20855/12457/14433/12177/16476/18452/15368/21366/74185/12575/18655/19664/21985/66681/23849/17319/99929/108767/13806/21929/22359/18451/20439/14936/76459/56277/228026/72157/15937/21753/105785/53374/78889/170768/17750/20342/20893/11674/13008/17748/104263/18591/83814/17859/16193","WBO2"
"HALLMARK_TNFA_SIGNALING_VIA_NFKB","HALLMARK_TNFA_SIGNALING_VIA_NFKB","HALLMARK_TNFA_SIGNALING_VIA_NFKB",194,0.678153497515603,2.93442020559573,1e-10,1.66666666666667e-09,8.7719298245614e-10,1925,"tags=46%, list=11%, signal=41%","14282/15370/13655/18787/19225/12981/18124/20310/16600/83430/16878/18792/22695/16007/19252/14281/16323/21847/17872/13653/20527/22339/14283/17133/13654/216850/20620/240672/18793/12156/56706/15200/19696/14579/11910/12227/14284/17873/18227/18030/14066/15939/12226/18626/17691/65112/230734/17869/16476/20698/16477/12575/23849/17119/20393/99929/18412/15936/229055/13660/18035/108767/21929/20918/13197/12228/21815/16362/14373/18788/15937/14825/17210/231130/14528/170768/54199/20893/23872/21664/75234/13614/59027/16193/56708/14345/15945/16780/19697","WBO2"
"HALLMARK_MTORC1_SIGNALING","HALLMARK_MTORC1_SIGNALING","HALLMARK_MTORC1_SIGNALING",196,0.544002445762062,2.35616239219283,1e-10,1.66666666666667e-09,8.7719298245614e-10,1801,"tags=28%, list=11%, signal=25%","50527/20525/12449/15277/13361/17872/20527/228775/17768/16828/12227/74747/21991/15982/18030/11639/14751/27053/18817/50493/208715/18641/20855/14433/107869/21366/74185/20539/12575/74105/18655/74117/112407/18412/15357/26432/13806/22359/18451/22042/18036/228026/67486/72157/21753/15526/231070/20893/56772/11674/83671/27275/59027/108037","WBO2"
"HALLMARK_UNFOLDED_PROTEIN_RESPONSE","HALLMARK_UNFOLDED_PROTEIN_RESPONSE","HALLMARK_UNFOLDED_PROTEIN_RESPONSE",108,0.595739281784193,2.39248378199061,3.98524809136677e-10,4.98156011420846e-09,2.62187374432024e-09,2673,"tags=38%, list=16%, signal=32%","50527/20856/69065/22339/11910/17768/74747/11911/22393/27053/20539/13685/56454/18044/15526/109019/105785/18045/22642/64209/70640/13681/12611/226641/75416/381801/192193/78943/13684/20296/73192/75901/76687/231452/20044/12608/13682/234699/13629/27362/22631","WBO2"
"HALLMARK_P53_PATHWAY","HALLMARK_P53_PATHWAY","HALLMARK_P53_PATHWAY",192,0.498922290435015,2.15704293912829,5.11789759455406e-10,5.11789759455406e-09,2.69363031292319e-09,2705,"tags=33%, list=16%, signal=28%","16600/16878/216456/12795/14281/70186/17872/12569/20620/12156/15200/228775/11910/12227/74747/15939/12226/17988/14102/22271/16476/20698/15368/12575/17119/55948/116914/11783/99681/13197/259277/15937/20683/12703/17246/17254/68048/19734/101867/13836/22401/70930/75234/232440/108100/27280/207785/53892/14062/70925/22057/21950/17347/68098/102626/80905/107939/13198/20229/71839/18538/53619/18081","WBO2"
"HALLMARK_GLYCOLYSIS","HALLMARK_GLYCOLYSIS","HALLMARK_GLYCOLYSIS",182,0.480949157777713,2.06741093193175,2.55541718985495e-08,2.12951432487913e-07,1.12079701309428e-07,1760,"tags=23%, list=10%, signal=21%","50527/80879/20856/15277/13807/70186/22339/11876/50798/56421/16828/74747/76969/21991/18648/11639/60406/58226/20855/107869/18452/18655/112407/66681/17319/26432/93683/13806/22359/18451/17295/14936/26556/15937/105785/23897/67451/14583/11674/12615/18746/17859","WBO2"
"HALLMARK_UV_RESPONSE_UP","HALLMARK_UV_RESPONSE_UP","HALLMARK_UV_RESPONSE_UP",145,0.516543497358261,2.14559181495534,3.10823624026698e-08,2.22016874304784e-07,1.16850986476202e-07,2342,"tags=27%, list=14%, signal=23%","14282/15370/53324/14281/13807/12577/12156/11910/12227/12424/12215/12226/27053/14419/15368/16477/12583/18412/18035/99681/12228/16362/22042/14825/14528/14660/11674/14172/102857/16008/12611/16193/245841/81489/66849/70767/15013/26905/13350","WBO2"
"HALLMARK_EPITHELIAL_MESENCHYMAL_TRANSITION","HALLMARK_EPITHELIAL_MESENCHYMAL_TRANSITION","HALLMARK_EPITHELIAL_MESENCHYMAL_TRANSITION",186,0.470339962353136,2.02451186593534,5.59989694011603e-08,3.49993558757252e-07,1.84207136188027e-07,2188,"tags=30%, list=13%, signal=27%","16416/18787/14219/74488/20310/16007/13807/52118/16323/16402/22339/21345/11475/18793/98932/14579/21825/27279/17873/12816/16948/22004/218952/192176/12845/65112/14102/16476/26432/12064/21929/22003/14268/13197/109624/14825/235106/12835/56213/20254/14609/326618/17182/102857/13612/16008/16412/12332/83554/16193/94352/12321/333883/12505/14089/20564","WBO2"
"HALLMARK_MYC_TARGETS_V1","HALLMARK_MYC_TARGETS_V1","HALLMARK_MYC_TARGETS_V1",195,0.460762906611571,1.99270118456468,1.49799931263451e-07,8.32221840352504e-07,4.3801149492237e-07,5776,"tags=56%, list=34%, signal=38%","16828/15982/230721/17869/18655/30877/57296/13681/56403/18458/68436/23983/13684/73192/13204/24015/67204/15381/68981/100042807/67089/18538/12785/20174/27050/230908/110809/27366/56351/11777/22333/19384/53605/19359/14113/20104/19826/16898/66409/21454/14694/11837/78655/12544/19899/12464/70247/21849/19934/12330/20103/67134/27041/229279/108121/18263/20383/17463/22327/20815/22335/19988/26965/52530/225363/56200/12261/103136/56150/12461/20823/22194/67097/15191/67115/16211/107995/108062/66942/70769/103573/55949/15382/51788/225027/59029/53381/66973/230484/18148/66870/27966/231872/15182/26440/13665/15510/13690/17220/12465/66235/51810/433702/268373/27979/56086/22627/22630/18813/28185","WBO2"
"HALLMARK_TGF_BETA_SIGNALING","HALLMARK_TGF_BETA_SIGNALING","HALLMARK_TGF_BETA_SIGNALING",53,0.642494412842789,2.2596580290255,4.79633388281214e-07,2.39816694140607e-06,1.26219312705583e-06,3454,"tags=57%, list=20%, signal=45%","12550/18787/21847/12577/17872/12156/21825/20482/20515/17131/65112/16477/21815/97064/75788/18121/21812/14225/66105/94093/66313/11789/15258/17127/107951/18550/17125/19042/94246/16997","WBO2"
"HALLMARK_APOPTOSIS","HALLMARK_APOPTOSIS","HALLMARK_APOPTOSIS",150,0.416080489156164,1.73948483341146,0.000107950735107813,0.000490685159580968,0.000258255347147878,1217,"tags=19%, list=7%, signal=18%","13655/15977/13807/13874/13730/12156/11910/12227/27279/17873/20515/17131/14102/107869/12177/16476/15368/12575/16905/16854/18412/13197/12228/16362/15937/17210/58801/97165/14528","WBO2"
"HALLMARK_HEME_METABOLISM","HALLMARK_HEME_METABOLISM","HALLMARK_HEME_METABOLISM",173,0.384104520969569,1.64810911526021,0.000276026291508027,0.00115010954795011,0.000605320814710585,3059,"tags=29%, list=18%, signal=24%","20525/11433/12227/12215/74309/27053/319155/12177/18452/54484/233489/192657/338523/140780/13829/12585/56190/22042/20342/12380/14664/71648/30805/67608/30945/102857/78908/18174/60611/20617/17859/228608/97122/22344/74645/11733/14629/242418/383295/14630/66878/219094/70827/68262/13030/64898/21969/21961/17896/22782/217232","WBO2"
"HALLMARK_KRAS_SIGNALING_UP","HALLMARK_KRAS_SIGNALING_UP","HALLMARK_KRAS_SIGNALING_UP",183,0.371550656074253,1.59984201786762,0.000555693117476139,0.00213728122106207,0.00112488485319057,1885,"tags=20%, list=11%, signal=18%","50527/19225/12981/16600/16878/18792/16323/17872/13874/56847/13730/18793/12156/15200/23871/230734/18049/21929/14012/11846/17384/21938/14373/29809/23882/223272/22421/14396/67778/319178/19734/18791/73379/15945/11501/84094","WBO2"
"HALLMARK_ESTROGEN_RESPONSE_EARLY","HALLMARK_ESTROGEN_RESPONSE_EARLY","HALLMARK_ESTROGEN_RESPONSE_EARLY",178,0.364573966258391,1.5667717968677,0.00085947922520736,0.00306956866145486,0.00161556245339729,2369,"tags=25%, list=14%, signal=22%","13655/14200/20525/16600/20856/14281/21847/15460/328329/22393/381269/12398/17869/225115/20539/18442/13603/55948/99929/20510/14389/116914/20439/21844/76459/58801/232174/14609/20893/17965/76199/228839/225182/78286/286940/12700/77411/12505/22057/217837/64292/19401/66270/16452/54326","WBO2"
"HALLMARK_INFLAMMATORY_RESPONSE","HALLMARK_INFLAMMATORY_RESPONSE","HALLMARK_INFLAMMATORY_RESPONSE",175,0.368645875191939,1.58195945808208,0.00116282661543321,0.00387608871811068,0.00204004669374247,1936,"tags=24%, list=11%, signal=21%","16416/18787/12985/16878/20339/52118/16323/16402/13874/11987/11535/20295/18793/15200/12227/54216/14066/15465/17869/20698/12575/18442/74442/23849/17119/18035/17295/21938/16362/16992/14528/54199/16518/19734/18174/73379/13614/59027/16193/15945/19697/11308","WBO2"
"HALLMARK_IL2_STAT5_SIGNALING","HALLMARK_IL2_STAT5_SIGNALING","HALLMARK_IL2_STAT5_SIGNALING",180,0.371831274141579,1.59721311491834,0.00125549845139259,0.00392343266060184,0.00206496455821149,3290,"tags=32%, list=19%, signal=26%","12981/16878/15277/18712/12577/20527/13730/17133/12156/17873/18030/68770/17988/18619/109332/17869/23849/17119/21941/18451/21844/21938/23834/29809/12703/20893/17913/19734/24066/21664/74734/71602/17760/12332/15945/12700/66616/212531/57436/12505/17164/80914/11861/18986/12977/72729/23959/16001/15258/20719/16410/18550/107702/66395/11803/19347/52187","WBO2"
"HALLMARK_PROTEIN_SECRETION","HALLMARK_PROTEIN_SECRETION","HALLMARK_PROTEIN_SECRETION",94,0.435223976834615,1.69183823063677,0.00194622541437202,0.00572419239521182,0.00301273283958517,5902,"tags=57%, list=35%, signal=38%","12176/21985/20844/14420/54214/70349/110651/19334/66471/12512/69608/11777/66251/211286/20479/67300/56041/271457/72736/11840/56418/213827/20333/17113/11765/18484/53331/11928/108664/67074/13649/99889/19063/108123/76332/26951/71770/22319/53330/12390/11977/14683/56494/16784/74006/15893/59021/107767/50797/211673/16004/11774/11773/77929","WBO2"
"HALLMARK_MYOGENESIS","HALLMARK_MYOGENESIS","HALLMARK_MYOGENESIS",171,0.353966197969937,1.50859448341403,0.00386997003829164,0.0107499167730323,0.0056578509331749,2478,"tags=23%, list=15%, signal=20%","11459/20856/21345/29856/15200/21679/17873/17886/15982/22004/58226/20698/225115/12575/14245/11937/67399/97064/16510/12835/17258/11443/12224/20893/17880/17261/17913/102857/78286/83679/16412/11790/11423/14077/12955/12062/93739/13143/50795/13682","WBO2"
"HALLMARK_COAGULATION","HALLMARK_COAGULATION","HALLMARK_COAGULATION",102,0.413655775646296,1.64751954531348,0.00469851815636828,0.0123645214641271,0.00650764287585634,1216,"tags=18%, list=7%, signal=16%","16416/18787/18792/17133/21825/14066/12845/13038/21824/22388/14268/18815/17384/259277/17175/18788/56213/93721","WBO2"
"HALLMARK_APICAL_JUNCTION","HALLMARK_APICAL_JUNCTION","HALLMARK_APICAL_JUNCTION",178,0.334762545349407,1.43865597448985,0.00534087598140091,0.0133521899535023,0.00702746839658014,2574,"tags=23%, list=15%, signal=20%","11459/12550/12740/12798/98932/11465/60533/68810/68794/17886/22330/11461/18417/22793/14012/11705/109711/11548/231070/100017/74769/17698/22323/56217/16412/73178/60595/108100/21843/58998/16780/11790/58235/65964/14677/18613/22629/20909/12563/20312/17395","WBO2"
"HALLMARK_COMPLEMENT","HALLMARK_COMPLEMENT","HALLMARK_COMPLEMENT",163,0.350142801665559,1.48888203449935,0.00659688674110143,0.0149929244115942,0.00789101284820745,2809,"tags=23%, list=17%, signal=20%","18787/20310/18712/12569/193740/17133/240672/18793/70574/14066/380921/16854/18675/13660/21929/14268/18815/16362/18788/14825/18791/74112/80906/18591/16193/69181/21417/333883/16452/16563/20909/12608/14679/59025/19822/11747/13030/72843","WBO2"
"HALLMARK_UV_RESPONSE_DN","HALLMARK_UV_RESPONSE_DN","HALLMARK_UV_RESPONSE_DN",143,0.356795773151649,1.47910038921589,0.00639770824875188,0.0149929244115942,0.00789101284820745,4153,"tags=37%, list=24%, signal=28%","14200/16416/18787/16007/19252/11987/17131/14066/17755/17869/12064/22359/17295/19016/231070/14609/20893/231386/11990/17748/20238/20975/67972/17250/54650/56376/16835/12394/21814/16001/213109/11480/328108/353187/12306/106583/17127/74194/14773/268977/13383/71175/12389/69562/207615/11787/19088/328365/69219/21788/12576/20747/19663","WBO2"
"HALLMARK_MYC_TARGETS_V2","HALLMARK_MYC_TARGETS_V2","HALLMARK_MYC_TARGETS_V2",57,0.454282901346029,1.61291419876544,0.00783747356703426,0.0170379860152919,0.00896736106067993,5742,"tags=49%, list=34%, signal=33%","15277/18817/17869/76130/30877/226169/66164/235036/21379/56361/67134/15278/107071/107094/75751/18432/72515/66942/20873/70769/69902/18148/27966/231872/110109/15510/101612/18813","WBO2"
"HALLMARK_BILE_ACID_METABOLISM","HALLMARK_BILE_ACID_METABOLISM","HALLMARK_BILE_ACID_METABOLISM",90,-0.38003115941141,-1.49673378382464,0.015566988790193,0.0324312266462355,0.0170690666559134,4118,"tags=34%, list=24%, signal=26%","13850/63959/15926/27404/18400/27410/71877/56050/433256/14149/212503/74043/104086/67993/11666/192663/64008/217262/69129/14711/11835/81879/19301/13123/12642/74754/74114/26874/19193/108096/170442","WBO2"
"HALLMARK_CHOLESTEROL_HOMEOSTASIS","HALLMARK_CHOLESTEROL_HOMEOSTASIS","HALLMARK_CHOLESTEROL_HOMEOSTASIS",72,0.403066455322963,1.49909284752176,0.0264862830940028,0.0529725661880057,0.0278802979936872,1224,"tags=18%, list=7%, signal=17%","18793/228775/11465/11910/27279/74155/18030/208715/16854/15357/108767/19016/66071","WBO2"
"HALLMARK_IL6_JAK_STAT3_SIGNALING","HALLMARK_IL6_JAK_STAT3_SIGNALING","HALLMARK_IL6_JAK_STAT3_SIGNALING",79,0.372551869788793,1.40211322572063,0.0555555555555556,0.105431154769376,0.0554900814575665,2130,"tags=24%, list=13%, signal=21%","16416/12981/20310/18712/27279/14102/16476/15368/21938/16362/14825/12703/23897/11482/16161/16193/15945/12505/12768","WBO2"
"HALLMARK_ANDROGEN_RESPONSE","HALLMARK_ANDROGEN_RESPONSE","HALLMARK_ANDROGEN_RESPONSE",95,0.34910370558153,1.36128300691597,0.0579399141630901,0.105431154769376,0.0554900814575665,3108,"tags=31%, list=18%, signal=25%","56847/20807/17988/208715/65112/67760/21985/20393/15357/229055/192657/11504/109711/231070/67268/110651/71371/76687/107652/69608/56376/66884/20229/27362/14679/30960/106869/16410/319554","WBO2"
"HALLMARK_G2M_CHECKPOINT","HALLMARK_G2M_CHECKPOINT","HALLMARK_G2M_CHECKPOINT",192,0.294598869687968,1.27367011640538,0.0590414466708507,0.105431154769376,0.0554900814575665,4863,"tags=39%, list=29%, signal=28%","12449/11987/60406/12649/18817/72119/71819/17869/20539/67956/15361/23924/23834/66197/233406/226525/17750/231386/76464/269966/12615/12021/56403/12455/22137/98386/18141/65964/12530/21887/20775/14056/80914/50927/71375/21917/110809/21969/217232/16573/17127/19359/104394/13486/17975/13555/229841/12544/19134/27214/12545/27041/107503/16906/18263/12576/105727/209737/68278/26965/77891/14030/56150/107823/212999/16211/107995/19290/20873/70769/16201/103573/51788/12412","WBO2"
"HALLMARK_MITOTIC_SPINDLE","HALLMARK_MITOTIC_SPINDLE","HALLMARK_MITOTIC_SPINDLE",197,0.283703023313327,1.22912455904133,0.0646551724137931,0.111474435196195,0.0586707553664184,4143,"tags=30%, list=24%, signal=23%","208628/17886/22330/72333/192176/18817/72119/76073/71819/12927/71704/68743/223435/21844/23924/11845/233406/226525/78757/71602/73178/214137/60595/286940/22137/11308/101497/56376/223697/16800/19158/13605/270058/74360/232314/11789/217232/16573/16798/70799/17973/11855/192786/18536/229841/20662/30948/13589/64930/18080/13383/19303/78514/242687/75547/18015/16906/192662/17925/209737","WBO2"
"HALLMARK_PI3K_AKT_MTOR_SIGNALING","HALLMARK_PI3K_AKT_MTOR_SIGNALING","HALLMARK_PI3K_AKT_MTOR_SIGNALING",100,0.316612985481761,1.2536859721554,0.10752688172043,0.17921146953405,0.0943218260705527,3551,"tags=31%, list=21%, signal=25%","20525/228775/11908/12575/74117/55948/18412/18049/21844/26419/18036/228026/19087/13684/110651/12631/17126/17347/108079/210044/13198/66105/17973/67300/22030/26397/14171/13555/11840/18711/66713","WBO2"
"HALLMARK_ESTROGEN_RESPONSE_LATE","HALLMARK_ESTROGEN_RESPONSE_LATE","HALLMARK_ESTROGEN_RESPONSE_LATE",172,0.279413197487813,1.19382382055853,0.11228813559322,0.181109896118097,0.0953209979568933,2337,"tags=18%, list=14%, signal=16%","13655/12550/16600/22695/14281/15460/22393/14419/20539/13603/55948/20393/20439/21844/76459/12228/23834/19218/232174/17965/13731/22235/225182/286940/12700/12505/22057/217837/12876/64292/16452","WBO2"
"HALLMARK_KRAS_SIGNALING_DN","HALLMARK_KRAS_SIGNALING_DN","HALLMARK_KRAS_SIGNALING_DN",121,0.296020062270981,1.20050980110322,0.117021276595745,0.182845744680851,0.0962346024636058,1888,"tags=23%, list=11%, signal=21%","14573/12227/20482/18227/57385/14748/116903/18205/20393/17769/16533/23919/70355/259277/60345/18788/11944/58185/98363/13528/53422/56711/16008/14760/12021/13614/20497/213417","WBO2"
"HALLMARK_REACTIVE_OXYGEN_SPECIES_PATHWAY","HALLMARK_REACTIVE_OXYGEN_SPECIES_PATHWAY","HALLMARK_REACTIVE_OXYGEN_SPECIES_PATHWAY",46,0.365918018263205,1.24595809938898,0.140997830802603,0.213633076973641,0.112438461565074,2211,"tags=20%, list=13%, signal=17%","56421/50493/16477/14325/76650/14629/14630/17250/108737","WBO2"
"HALLMARK_HEDGEHOG_SIGNALING","HALLMARK_HEDGEHOG_SIGNALING","HALLMARK_HEDGEHOG_SIGNALING",35,0.386819029421965,1.24059710455412,0.156118143459916,0.229585505088111,0.120834476362164,2088,"tags=26%, list=12%, signal=23%","22339/12569/17886/22359/18815/20254/23872/11423/21887","WBO2"
"HALLMARK_INTERFERON_ALPHA_RESPONSE","HALLMARK_INTERFERON_ALPHA_RESPONSE","HALLMARK_INTERFERON_ALPHA_RESPONSE",97,-0.290909898042216,-1.15536051238981,0.184210526315789,0.263157894736842,0.138504155124654,6378,"tags=53%, list=38%, signal=33%","24110/80861/16913/56417/66141/67138/56066/54123/74157/19186/217069/69550/14469/71586/246730/15958/71701/547253/16423/80285/12370/16196/20821/234311/22038/19106/192656/70110/80876/68713/67168/19039/12799/50908/56791/243771/16168/74153/16912/17454/64685/108670/109032/23960/66355/12362/74735/74481/17069/56338/20343","WBO2"
"HALLMARK_INTERFERON_GAMMA_RESPONSE","HALLMARK_INTERFERON_GAMMA_RESPONSE","HALLMARK_INTERFERON_GAMMA_RESPONSE",197,-0.248053153158701,-1.0799119307495,0.28996282527881,0.40272614622057,0.211961129589774,3109,"tags=36%, list=18%, signal=30%","70082/14991/672511/12370/16196/20821/234311/22038/19106/98999/12183/22329/192656/70110/20344/19246/27007/80876/56045/58203/16068/19039/50908/14990/56791/246727/243771/16168/12494/16185/20454/20848/246728/16912/20846/19171/72925/12265/12258/18854/14998/64685/14190/108670/236573/109032/667277/626578/12363/107607/12362/74735/14129/17472/74481/15170/242248/17069/56338/14293/14962/12515/16822/667373/75345/14747/76074/209588/17329/22035/110168","WBO2"
"HALLMARK_PANCREAS_BETA_CELLS","HALLMARK_PANCREAS_BETA_CELLS","HALLMARK_PANCREAS_BETA_CELLS",21,-0.388491797112415,-1.1241437002521,0.307543520309478,0.415599351769564,0.21873650093135,3193,"tags=33%, list=19%, signal=27%","77766/80976/18549/18548/22337/18508/15874","WBO2"
"HALLMARK_ANGIOGENESIS","HALLMARK_ANGIOGENESIS","HALLMARK_ANGIOGENESIS",32,0.333471831575184,1.05789789768723,0.374741200828157,0.49308052740547,0.259516067055511,984,"tags=12%, list=6%, signal=12%","22339/20855/21824/24059","WBO2"
"HALLMARK_XENOBIOTIC_METABOLISM","HALLMARK_XENOBIOTIC_METABOLISM","HALLMARK_XENOBIOTIC_METABOLISM",166,0.233201569306598,0.99193571774663,0.456475583864119,0.585225107518101,0.308013214483211,2939,"tags=23%, list=17%, signal=20%","18787/14857/231103/14102/22271/15368/21366/12583/12927/55942/11529/11846/18815/104158/14528/74142/17750/23872/22235/13836/105349/228608/108037/53328/57436/12944/67103/14629/14415/18984/330817/64292/56376/11670/18081/68943/64898/66397/56351","WBO2"
"HALLMARK_APICAL_SURFACE","HALLMARK_APICAL_SURFACE","HALLMARK_APICAL_SURFACE",35,-0.301265830271253,-0.972542847072669,0.488636363636364,0.610795454545455,0.321471291866029,2784,"tags=29%, list=16%, signal=24%","16185/20528/64706/13846/80883/226250/237847/16186/20521/14451","WBO2"
"HALLMARK_ALLOGRAFT_REJECTION","HALLMARK_ALLOGRAFT_REJECTION","HALLMARK_ALLOGRAFT_REJECTION",157,0.225329424252312,0.953416448948638,0.569620253164557,0.69465884532263,0.365609918590858,2822,"tags=20%, list=17%, signal=17%","16156/16878/16323/13874/54698/23871/192176/14102/21985/12703/15007/15018/12042/16161/12332/16193/11308/11423/56501/14062/20296/12768/15001/24015/16452/14960/17395/100042807/19073/12977/226419/20091","WBO2"
"HALLMARK_PEROXISOME","HALLMARK_PEROXISOME","HALLMARK_PEROXISOME",87,0.220507744177243,0.838914345601929,0.803879310344828,0.956999178981938,0.503683778411546,3369,"tags=22%, list=20%, signal=18%","12904/26889/19305/12042/20238/20183/12287/18458/101502/50790/15484/22629/15356/20437/12785/20479/319554/13385/18671","WBO2"
"HALLMARK_E2F_TARGETS","HALLMARK_E2F_TARGETS","HALLMARK_E2F_TARGETS",191,0.186003758325908,0.80502704048143,0.948608137044968,1,0.526315789473684,5024,"tags=31%, list=30%, signal=22%","17768/12649/18817/17869/12575/15361/22042/66197/233726/97165/67196/12021/56403/27354/13626/53892/98386/70472/12530/66471/14056/103135/50927/21917/18538/110809/19384/53605/229841/71777/21379/22390/13178/17089/58184/67134/218210/16906/12576/18949/68278/68275/67684/77891/78833/70699/56150/101565/107995/20492/26951/20873/70769/16201/103573/51788/53381/110750/230484/66979","WBO2"
"HALLMARK_ADIPOGENESIS","HALLMARK_ADIPOGENESIS","HALLMARK_ADIPOGENESIS",193,0.17113377051436,0.740109408463577,0.989224137931034,1,0.526315789473684,2395,"tags=13%, list=14%, signal=12%","223775/12452/18641/74185/102693/108954/13197/72157/22190/109019/19218/19016/16890/170768/268301/11674/12675/29864/19043/22057/56298/18984/66878/13602/13350/11861","WBO2"
"HALLMARK_DNA_REPAIR","HALLMARK_DNA_REPAIR","HALLMARK_DNA_REPAIR",149,0.176185631408226,0.736058454270898,0.989384288747346,1,0.526315789473684,6040,"tags=40%, list=36%, signal=26%","218630/11821/330192/68969/245841/67897/19365/69241/108143/74164/20021/98985/13716/80905/107939/20016/18538/228410/20018/66136/18578/20908/14884/53378/227644/19361/12856/22592/21681/56044/11636/99730/67996/76850/66406/54208/72269/52696/66979/66679/13135/21357/66162/67710/68219/13870/20930/27224/67967/223921/13194/235459/17129/66467/67665/56436/23918/27061/625249","WBO2"
"HALLMARK_SPERMATOGENESIS","HALLMARK_SPERMATOGENESIS","HALLMARK_SPERMATOGENESIS",83,0.179963006832451,0.681320043071758,0.974304068522484,1,0.526315789473684,3636,"tags=23%, list=21%, signal=18%","12672/14245/17776/53422/54137/22137/19087/14415/14056/11861/93759/53604/18551/13206/18415/56324/17354/27214/23885","WBO2"
"HALLMARK_FATTY_ACID_METABOLISM","HALLMARK_FATTY_ACID_METABOLISM","HALLMARK_FATTY_ACID_METABOLISM",142,-0.157193402835706,-0.652606191235873,1,1,0.526315789473684,5607,"tags=35%, list=33%, signal=23%","15490/11364/11564/109778/109857/11992/12896/67460/113868/93747/12683/15107/227095/26358/11792/19270/56451/12408/13076/14874/98314/11409/68021/22276/15926/70335/18194/19286/19013/433256/56791/22275/17025/14261/12908/270076/12894/12167/22361/23923/12040/68738/74147/224530/14104/12491/74754/15446/171281","WBO2"
"HALLMARK_WNT_BETA_CATENIN_SIGNALING","HALLMARK_WNT_BETA_CATENIN_SIGNALING","HALLMARK_WNT_BETA_CATENIN_SIGNALING",38,0.200659086610498,0.649956196046133,0.963123644251627,1,0.526315789473684,2832,"tags=21%, list=17%, signal=18%","17869/19664/27373/13543/14677/103806/15214/12005","WBO2"
"HALLMARK_OXIDATIVE_PHOSPHORYLATION","HALLMARK_OXIDATIVE_PHOSPHORYLATION","HALLMARK_OXIDATIVE_PHOSPHORYLATION",185,0.148740607628767,0.641082320109649,1,1,0.526315789473684,13054,"tags=97%, list=77%, signal=23%","16828/14751/15526/30057/114143/18984/21854/210009/54411/22333/11984/69597/66144/66290/15159/22272/20463/12856/64704/66335/14148/108664/109754/59054/22335/69802/12866/12028/54405/27060/26926/27273/69046/17713/66576/12857/74143/13382/12868/12864/59040/20930/17448/68263/104776/55951/12861/12867/28185/170718/11655/625249/230075/231086/66885/66416/68198/17992/11973/66594/66925/18674/110842/12369/235339/30059/66152/18597/66694/17991/24030/66945/110323/11370/227197/76614/17995/11931/73834/66046/66383/66091/225887/11974/18242/67530/78920/14661/66377/30055/66142/12858/20916/338359/67680/66052/102631912/11740/70316/67130/14194/11739/53375/407785/15108/67442/67003/170731/17449/15929/27395/97212/12034/66916/12859/75406/69833/13063/66495/67264/11429/18115/11757/381511/17993/66407/68197/269951/12039/22334/66419/66447/27402/11950/94065/12974/52538/68349/16832/66865/72900/64655/13177/226646/68375/109672/67834/69089/223696/51798/68194/66841/214952/14297/66445/11364/66108/18293/72416/66525/57279/22273/11306/67460/113868/93747/30056/226139/110446/66223/110826/78830/67863/16922/56451/69772/68202/211253/15926","WBO2"
"HALLMARK_NOTCH_SIGNALING","HALLMARK_NOTCH_SIGNALING","HALLMARK_NOTCH_SIGNALING",30,-0.200799299692818,-0.619598819429055,0.964636542239686,1,0.526315789473684,5547,"tags=40%, list=33%, signal=27%","226548/54613/14362/14534/18129/21416/18128/22418/18131/19165/109689/16848","WBO2"
"HALLMARK_TNFA_SIGNALING_VIA_NFKB1","HALLMARK_TNFA_SIGNALING_VIA_NFKB","HALLMARK_TNFA_SIGNALING_VIA_NFKB",194,0.69793608138513,3.03693017663116,1e-10,8.33333333333333e-10,2.80701754385965e-10,1115,"tags=45%, list=7%, signal=42%","15370/14282/19225/18787/12981/16878/13655/14283/16600/18793/14281/20310/18124/240672/12156/19252/20620/13653/18227/21847/17872/18792/22695/11910/65112/17869/12226/18788/15200/21664/16323/17873/13537/14284/21815/20527/83430/17133/23849/13654/15937/22339/18412/13197/20393/16476/16007/20698/216850/15939/14066/56706/56708/18030/12227/13614/12575/15936/211770/75234/20229/21950/14579/17691/23872/16477/12702/230734/14825/16193/17119/17210/99929/55991/15205/18035/13660/20893/20918/21930/21929/67972/319520/18578/21923/14528/106628","I27"
"HALLMARK_HYPOXIA1","HALLMARK_HYPOXIA","HALLMARK_HYPOXIA",182,0.661792972960161,2.82457031068415,1e-10,8.33333333333333e-10,2.80701754385965e-10,1962,"tags=43%, list=12%, signal=38%","18787/50527/18793/14281/19252/17872/18712/15277/22695/11910/20525/12226/23871/14219/14284/20527/17133/23849/70186/13807/12457/15937/15368/22339/16476/16007/14066/18030/20856/12575/74747/20439/53374/21991/11535/52331/16193/12577/12452/99929/56421/16828/103988/107817/21366/74155/20893/66681/21929/22359/51795/21753/19309/109042/105785/17886/21985/14433/18641/18591/12177/18655/13198/17319/78889/83814/20855/12389/16009/12306/14751/13806/60406/18452/14734/108767/14733/19285","I27"
"HALLMARK_MYC_TARGETS_V11","HALLMARK_MYC_TARGETS_V1","HALLMARK_MYC_TARGETS_V1",195,0.588427706533632,2.56269919279757,1e-10,8.33333333333333e-10,2.80701754385965e-10,5146,"tags=68%, list=30%, signal=48%","17869/15982/230721/16828/30877/67204/68981/51788/52530/18655/13681/27050/67134/56403/18458/57296/107995/17220/68436/18263/19384/18538/13204/16898/20104/14694/12785/73192/20103/100042807/14113/13684/27966/230484/53605/15381/27366/55949/15510/19899/12464/107686/56351/11777/66409/27041/66094/21454/18148/230908/108121/13877/19988/22327/11837/23983/19934/19826/12465/67089/20383/18102/67097/12461/67115/28126/225363/18813/17463/24015/70247/20815/225027/56086/103136/13665/78655/66870/20823/22335/20810/20174/15182/59029/15191/268373/16211/15528/14208/26440/56200/21849/12468/12567/12261/12330/22333/27756/229279/12566/19359/26446/22194/17218/70769/26965/67781/22630/23918/66235/231872/68011/12462/67332/55944/12544/26444/13690/28185/53381/381760/26443/23996/12034/27979/20641/15382/110809/20462/433702/15516/19385/66973","I27"
"HALLMARK_P53_PATHWAY1","HALLMARK_P53_PATHWAY","HALLMARK_P53_PATHWAY",192,0.573095319614905,2.48249568882401,1e-10,8.33333333333333e-10,2.80701754385965e-10,2128,"tags=34%, list=13%, signal=30%","16878/16600/14281/228775/12156/20620/12795/19734/12569/17872/11910/12226/15200/22271/70186/15937/15368/13197/16476/13836/20698/15939/12227/56312/12575/75234/74747/20229/21950/259277/18590/71839/17119/17112/20194/216456/26570/56437/19124/17246/21803/14102/11783/207785/116914/17254/12703/65972/232440/55948/70925/170742/13198/27280/12192/53892/12554/22057/68048/20969/20042/18538/14694/102626/70930/74012","I27"
"HALLMARK_UNFOLDED_PROTEIN_RESPONSE1","HALLMARK_UNFOLDED_PROTEIN_RESPONSE","HALLMARK_UNFOLDED_PROTEIN_RESPONSE",108,0.62070202835019,2.46642783680002,1e-10,8.33333333333333e-10,2.80701754385965e-10,3540,"tags=49%, list=21%, signal=39%","50527/69065/11910/17768/11911/22339/13685/20539/109019/27053/20856/74747/15526/18044/64209/56454/12611/105785/52530/22642/13681/18045/67134/20044/226641/23825/73192/381801/107272/75416/192193/12608/13684/27966/22631/27362/18148/13682/76687/78943/22393/66161/70640/22433/13665/16573/50783/13629/20818/72599/20296/54124/231452","I27"
"HALLMARK_MTORC1_SIGNALING1","HALLMARK_MTORC1_SIGNALING","HALLMARK_MTORC1_SIGNALING",196,0.547445155362636,2.38194751022766,1e-10,8.33333333333333e-10,2.80701754385965e-10,2945,"tags=40%, list=17%, signal=33%","50527/12449/228775/13361/17872/15277/20525/17768/20527/15982/107869/50493/18412/20539/18817/18030/12227/27053/56312/12575/74747/21991/108037/56772/26570/16828/15357/74117/21366/20893/15526/18036/65972/22359/21753/67204/26397/14433/18641/66143/67486/22042/18655/13198/20855/56207/74105/68278/14751/13806/27275/112407/26432/12301/208715/20878/12530/107272/83671/192193/27966/665563/93692/11639/15510/18451/12527/18477/56418/74185/66105/100678/67089/236539/67890/20135/225363/22433","I27"
"HALLMARK_UV_RESPONSE_UP1","HALLMARK_UV_RESPONSE_UP","HALLMARK_UV_RESPONSE_UP",145,0.547146838784001,2.24819097190407,9.12412489265496e-10,6.51723206618212e-09,2.19527816966134e-09,1993,"tags=27%, list=12%, signal=24%","15370/14282/14281/53324/12424/12156/14419/11910/12226/13807/15368/18412/12227/27053/12583/16477/14825/16193/12577/56437/12215/18035/14660/72017/14528/14172/81489/12611/22042/245841/13076/14778/12125/70767/53318/12228/11852/12824/17387","I27"
"HALLMARK_EPITHELIAL_MESENCHYMAL_TRANSITION1","HALLMARK_EPITHELIAL_MESENCHYMAL_TRANSITION","HALLMARK_EPITHELIAL_MESENCHYMAL_TRANSITION",186,0.504118843858916,2.16142801661658,1.19835872578924e-09,7.48974203618274e-09,2.52286047534577e-09,1993,"tags=34%, list=12%, signal=31%","18787/74488/18793/20310/52118/65112/16402/13612/16416/16323/17873/14219/13807/22339/13197/16476/27279/16007/21345/20229/14579/12332/21825/14825/16193/218952/12064/11475/22003/21803/76477/14102/22004/98932/12931/20254/14115/21929/12816/21923/12845/16852/109624/235106/70350/16412/20750/19288/13601/14268/30794/16009/11852/17220/26432/20969/192176/12563/22240/22341/14733/12321/12505/17387","I27"
"HALLMARK_G2M_CHECKPOINT1","HALLMARK_G2M_CHECKPOINT","HALLMARK_G2M_CHECKPOINT",192,0.473214930298101,2.04984054858723,7.80203264729366e-08,4.33446258182981e-07,1.46002950124794e-07,4101,"tags=40%, list=24%, signal=31%","12449/71819/17869/11987/233406/20539/18817/12442/66197/15361/11799/23834/12649/27214/67956/21803/12615/72119/67141/14056/52033/76464/16906/50927/51788/22137/98386/23924/20873/56403/68278/60406/12021/107995/18263/77891/12545/21969/20878/12530/80914/231386/17975/110033/18141/12455/27041/217232/65964/13486/15366/17118/229841/107823/226525/269966/107503/16573/26429/21917/54124/104394/16211/212999/19366/12567/15251/67052/20775/12576/19359/13557/17218/70769/26965/71375/20460","I27"
"HALLMARK_INTERFERON_ALPHA_RESPONSE1","HALLMARK_INTERFERON_ALPHA_RESPONSE","HALLMARK_INTERFERON_ALPHA_RESPONSE",97,-0.554966324124468,-2.07700886445109,1.03382374327135e-07,5.16911871635677e-07,1.74117683077281e-07,3453,"tags=55%, list=20%, signal=44%","70110/56066/192656/12362/69550/58185/229003/74157/217069/15945/56417/246730/231712/209086/19106/19039/15959/66355/16913/20821/57444/21354/12799/17858/80861/24110/100038882/80285/67138/64685/547253/23960/99899/17454/56791/16912/54123/68487/243771/56338/14469/55932/20847/71586/74481/234311/74153/109032/15958/22169/17069/108670/74735","I27"
"HALLMARK_MYC_TARGETS_V21","HALLMARK_MYC_TARGETS_V2","HALLMARK_MYC_TARGETS_V2",57,0.646820052032875,2.30728713662338,3.6384541395544e-07,1.65384279070655e-06,5.57083887395889e-07,4319,"tags=60%, list=25%, signal=45%","15277/17869/13537/76130/18817/30877/235036/20873/67134/66422/226169/107071/101612/56361/27966/66164/15278/15510/69902/18148/21379/28126/18813/110109/20810/72515/15528/12567/67973/17218/21453/70769/231872/18432","I27"
"HALLMARK_IL2_STAT5_SIGNALING1","HALLMARK_IL2_STAT5_SIGNALING","HALLMARK_IL2_STAT5_SIGNALING",180,0.463203896459098,1.97343808874801,5.08991329471322e-07,2.12079720613051e-06,7.14373795749224e-07,3150,"tags=37%, list=19%, signal=30%","12981/16878/13730/109332/12156/19734/18712/15277/17869/21664/17873/20527/17133/23849/18619/68770/18030/23834/12332/17119/12577/12700/16190/24066/20893/11492/12703/74734/21941/21938/212531/18605/12522/16407/20750/11861/21943/13601/17913/20443/66616/20719/54195/11852/18263/12505/17760/56361/80914/18451/72729/29809/21844/20344/18671/18550/12833/216197/14873/68079/22433/17164/12447/110109/57436/20947","I27"
"HALLMARK_APOPTOSIS1","HALLMARK_APOPTOSIS","HALLMARK_APOPTOSIS",150,0.471686058980901,1.94524230542822,9.97433840397928e-07,3.83628400153049e-06,1.2922219794629e-06,2077,"tags=27%, list=12%, signal=24%","13655/13730/13874/12156/11910/17873/13807/107869/15937/15368/18412/13197/16476/17131/16854/27279/16905/12227/12575/20229/20515/16193/58801/17210/14102/14528/12042/19401/12177/15507/22390/13198/12389/14778/12125/12228/11852/18791/12505/12124/15977","I27"
"HALLMARK_GLYCOLYSIS1","HALLMARK_GLYCOLYSIS","HALLMARK_GLYCOLYSIS",182,0.454759265306849,1.9409385892219,1.57947679525809e-06,5.64098855449319e-06,1.90012246046086e-06,2214,"tags=26%, list=13%, signal=23%","50527/80879/11876/15277/70186/13807/107869/15937/22339/76969/20856/93683/74747/21991/56421/16828/26556/12615/50798/22166/66681/22359/18648/67451/105785/23897/21351/50927/18655/17295/17319/20855/16009/13806/16563/60406/112407/26432/18452/20969/14734/14733/12505/20878/12124/93692/11639","I27"
"HALLMARK_TGF_BETA_SIGNALING1","HALLMARK_TGF_BETA_SIGNALING","HALLMARK_TGF_BETA_SIGNALING",53,0.617240210536685,2.16747157448208,5.54911747155451e-06,1.8497058238515e-05,6.23058803823664e-06,938,"tags=26%, list=6%, signal=25%","18787/12156/21847/17872/65112/21815/20482/17131/20515/21825/16477/12577/21803/97064","I27"
"HALLMARK_INTERFERON_GAMMA_RESPONSE1","HALLMARK_INTERFERON_GAMMA_RESPONSE","HALLMARK_INTERFERON_GAMMA_RESPONSE",197,-0.429031433175276,-1.77618378447664,6.36897129749142e-06,1.99030353046607e-05,6.70418031314886e-06,3809,"tags=47%, list=22%, signal=37%","110168/327959/14969/14991/69550/12258/66307/66552/21356/58185/229003/56045/74157/217069/667277/14998/15945/56417/231712/15930/209086/15900/19106/19039/15959/16913/71939/20821/18854/57444/21354/17858/107607/80861/12494/24110/434341/100038882/67138/230073/64685/547253/16421/99899/20452/242248/56791/16912/54123/243771/56338/55932/17472/20847/15170/19171/14990/71586/74481/14747/12984/12515/76074/98999/58203/20304/20846/234311/27007/14190/16822/16154/109032/15958/22169/236573/667373/17069/14962/246727/17329/16068/108670/672511/246728/72925/74735/626578/75345/14293/12265/22035/14129","I27"
"HALLMARK_E2F_TARGETS1","HALLMARK_E2F_TARGETS","HALLMARK_E2F_TARGETS",191,0.415926446032757,1.8013547093893,1.11089522721839e-05,3.2673389035835e-05,1.10057731489128e-05,5381,"tags=50%, list=32%, signal=35%","17869/17768/18817/12442/66197/12575/15361/11799/12649/14056/233726/16906/50927/51788/17089/22042/98386/22390/20873/67196/52276/67134/56403/68278/66422/53892/12021/107995/17220/19384/18538/77891/20878/12530/230484/53605/110033/218977/27354/15201/13626/58184/66471/21379/15366/18102/20135/11637/18813/69639/229841/12447/13665/22154/67967/21917/66979/54124/20492/20638/12567/69716/12576/67241/18949/68240/17218/70769/97165/66442/68479/19355/17865/245688/70472/71777/218210/68275/53381/110750/17345/22059/67054/110809/67684/20462/19385/103468/16647/18393/56452/20937/70099/69263/16571/16201","I27"
"HALLMARK_KRAS_SIGNALING_UP1","HALLMARK_KRAS_SIGNALING_UP","HALLMARK_KRAS_SIGNALING_UP",183,0.401158990754281,1.71637433420916,9.52596069777985e-05,0.000264610019382774,8.91317960026185e-05,1889,"tags=22%, list=11%, signal=20%","19225/12981/50527/16878/16600/18793/13730/56847/13874/12156/19734/17872/18792/17384/15200/23871/16323/18049/22421/211770/230734/19662/21929/21938/18613/67778/24064/84094/14012/23882/20750/67603/21788/14584/16009/223272/77125/73379/18791/56195/12223","I27"
"HALLMARK_INFLAMMATORY_RESPONSE1","HALLMARK_INFLAMMATORY_RESPONSE","HALLMARK_INFLAMMATORY_RESPONSE",175,0.395477251511537,1.67936807346402,0.000211024951452294,0.000555328819611299,0.000187058128711175,1165,"tags=23%, list=7%, signal=22%","18787/20339/16878/18793/12985/13874/52118/19734/16402/17869/11987/16416/15200/16323/15117/23849/20698/14066/15465/12227/13614/74442/12575/54216/27218/21950/20295/18413/11535/16193/17119/18442/16190/12061/18035/21930/67972/18578/14528/16518/21938","I27"
"HALLMARK_ESTROGEN_RESPONSE_EARLY1","HALLMARK_ESTROGEN_RESPONSE_EARLY","HALLMARK_ESTROGEN_RESPONSE_EARLY",178,0.357175715886455,1.51771007823429,0.00167426410652091,0.00418566026630228,0.00140990661601761,2000,"tags=22%, list=12%, signal=20%","13655/16600/14281/13603/14200/21847/17869/20525/20539/15460/20856/20439/12398/69540/58801/18442/12700/99929/328329/225182/381269/16529/15205/20893/116914/14389/56488/225115/55948/106957/19401/20510/53318/17965/22057/76199/77411/12505/16763","I27"
"HALLMARK_DNA_REPAIR1","HALLMARK_DNA_REPAIR","HALLMARK_DNA_REPAIR",149,0.371511473633121,1.526884987341,0.00521420596895132,0.0124147761165508,0.00418181932346973,5609,"tags=48%, list=33%, signal=33%","218630/18588/72269/330192/18578/11821/19365/98985/245841/67897/66406/18538/66162/68969/69241/21681/13870/18102/56044/20018/228410/20021/108143/52696/56436/235459/80905/13135/22592/12856/20016/11486/67967/66979/69745/107569/98053/74164/53378/14884/71991/68240/66679/223921/23918/27224/625249/11636/66464/13716/13194/56334/19361/67710/27061/22059/66420/20922/66467/59022/105446/67665/20022/22247/69263/21357/107939/27632/66136/20908/24075/14156","I27"
"HALLMARK_HEME_METABOLISM1","HALLMARK_HEME_METABOLISM","HALLMARK_HEME_METABOLISM",173,0.342954865279467,1.44857782552119,0.00643487677402751,0.0146247199409716,0.00492622145380097,3565,"tags=31%, list=21%, signal=24%","20525/192657/11433/12227/27053/56190/14664/74309/233489/26570/12585/12215/66878/78908/30805/26397/14630/12177/67712/22042/383295/338523/319155/11733/54484/228608/18452/21969/13829/12013/242418/140780/12380/64704/217232/233016/52065/97122/22344/30945/12892/60611/102857/67608/18174/68262/70380/12359/74645/15191/67182/70827/20342","I27"
"HALLMARK_COAGULATION1","HALLMARK_COAGULATION","HALLMARK_COAGULATION",102,0.375672740870949,1.48333890586074,0.00847957640553646,0.0184338617511662,0.00620930080039283,1798,"tags=19%, list=11%, signal=17%","18787/18815/18792/21824/17384/16416/18788/17133/14066/13038/259277/21825/12845/18613/18591/67603/14268/18791/22388","I27"
"HALLMARK_CHOLESTEROL_HOMEOSTASIS1","HALLMARK_CHOLESTEROL_HOMEOSTASIS","HALLMARK_CHOLESTEROL_HOMEOSTASIS",72,0.415547711996461,1.53184191165378,0.0142938970981032,0.0297789522877151,0.0100308049811251,1956,"tags=22%, list=12%, signal=20%","18793/228775/11910/16854/27279/18030/15357/14677/74155/66071/11465/231207/16449/108767/11747/208715","I27"
"HALLMARK_MYOGENESIS1","HALLMARK_MYOGENESIS","HALLMARK_MYOGENESIS",171,0.325200861362368,1.3698295374288,0.0181390722771557,0.0362781445543114,0.0122200065867154,1801,"tags=20%, list=11%, signal=18%","11937/11459/12224/15200/29856/17873/15982/20698/21345/20856/12575/12862/13346/21803/20893/97064/12955/18104/22004/225115/67399/19309/17886/21679/16412/12062/21924/17258/17913/14778/16009/12554/50795/17261","I27"
"HALLMARK_HEDGEHOG_SIGNALING1","HALLMARK_HEDGEHOG_SIGNALING","HALLMARK_HEDGEHOG_SIGNALING",35,0.480791812403696,1.54197840741258,0.01924492046417,0.0370094624310961,0.0124663452399482,1231,"tags=23%, list=7%, signal=21%","18815/12569/22339/23872/20254/15214/22359/17886","I27"
"HALLMARK_COMPLEMENT1","HALLMARK_COMPLEMENT","HALLMARK_COMPLEMENT",163,0.331514053518614,1.38392954930521,0.0206290251033444,0.0382018983395267,0.0128680078617353,2804,"tags=25%, list=17%, signal=21%","18787/18793/20310/240672/18815/12569/18712/70574/18788/17133/16854/193740/14066/18675/14825/16193/72269/13660/380921/21929/18591/67603/18783/14268/12554/16563/18791/11747/17387/12608/14679/72843/69181/59025/16452/21417/20909/18643/13039/18132","I27"
"HALLMARK_ESTROGEN_RESPONSE_LATE1","HALLMARK_ESTROGEN_RESPONSE_LATE","HALLMARK_ESTROGEN_RESPONSE_LATE",172,0.320056400395115,1.35039776413121,0.0230598952605052,0.0411783843937592,0.0138706136905294,1809,"tags=17%, list=11%, signal=16%","13655/16600/14281/13603/14419/22695/13537/20393/20539/15460/20439/23834/69540/12700/13731/225182/16529/56488/26415/55948/21924/20873/12389/12550/53318/17965/12228/54135/22057/107995","I27"
"HALLMARK_UV_RESPONSE_DN1","HALLMARK_UV_RESPONSE_DN","HALLMARK_UV_RESPONSE_DN",143,0.343208129458578,1.41074305920575,0.0257078109905063,0.0443238120525971,0.0149301261650853,2995,"tags=24%, list=18%, signal=20%","18787/19252/14200/17869/11987/16416/15117/17131/16007/14066/12394/17755/12064/20893/22359/67972/114713/21788/17295/12389/74194/12306/11480/17250/231386/20975/13383/14609/19088/14773/328108/20747/18033/54650/353187","I27"
"HALLMARK_REACTIVE_OXYGEN_SPECIES_PATHWAY1","HALLMARK_REACTIVE_OXYGEN_SPECIES_PATHWAY","HALLMARK_REACTIVE_OXYGEN_SPECIES_PATHWAY",46,0.434210318771082,1.4733573589031,0.038022877085787,0.063371461809645,0.0213461766095646,4308,"tags=43%, list=25%, signal=33%","50493/76650/16477/56421/18104/22166/14325/14630/14778/17250/93692/18477/12359/11927/108737/12581/19122/68194/14782/625249","I27"
"HALLMARK_IL6_JAK_STAT3_SIGNALING1","HALLMARK_IL6_JAK_STAT3_SIGNALING","HALLMARK_IL6_JAK_STAT3_SIGNALING",79,0.369186885333361,1.38647912463581,0.0413634435792505,0.0667152315794362,0.0224724990583364,1409,"tags=22%, list=8%, signal=20%","12981/20310/18712/16416/15368/16476/27279/12702/14825/16193/16190/21803/14102/12703/21938/23897/16161","I27"
"HALLMARK_ALLOGRAFT_REJECTION1","HALLMARK_ALLOGRAFT_REJECTION","HALLMARK_ALLOGRAFT_REJECTION",157,-0.326562632606518,-1.31867659338867,0.0441176470588235,0.0689338235294118,0.0232198142414861,3171,"tags=32%, list=19%, signal=27%","15001/21899/50723/14998/79221/21355/24088/14537/15900/216799/77647/12035/12503/18636/21354/142980/12263/14744/22637/20452/18126/54123/192187/14469/21897/15170/19171/12768/15163/15040/21926/20304/20846/16822/20303/18751/20375/16176/17329/16186/20299/80719/17972/17084/13040/22376/12774/16408/19264/14191/55985","I27"
"HALLMARK_PI3K_AKT_MTOR_SIGNALING1","HALLMARK_PI3K_AKT_MTOR_SIGNALING","HALLMARK_PI3K_AKT_MTOR_SIGNALING",100,0.348763089065017,1.36656684713351,0.0462316677301426,0.070047981409307,0.0235951095273455,4183,"tags=40%, list=25%, signal=30%","228775/20525/18049/18412/12575/11908/74117/18036/26419/26397/55948/13198/110651/12631/108079/210044/13684/19087/14171/17126/21844/64143/66105/15461/18643/56378/17973/11840/22030/66713/66350/12283/12567/11773/75778/12566/12576/93765/19766/192662","I27"
"HALLMARK_OXIDATIVE_PHOSPHORYLATION1","HALLMARK_OXIDATIVE_PHOSPHORYLATION","HALLMARK_OXIDATIVE_PHOSPHORYLATION",185,0.299270690855206,1.28352528329563,0.0492385412461752,0.0724096194796694,0.024390608666836,6619,"tags=50%, list=39%, signal=31%","16828/15526/14751/30059/210009/114143/18984/30057/64704/21854/22272/230075/54405/94065/66290/22335/12864/66335/12857/12856/12866/66576/109754/12861/30055/12868/22333/20463/69802/27273/13382/68194/66144/66594/59054/17992/12867/15159/17991/66152/625249/53375/13063/12028/54411/24030/17448/28185/11984/102631912/52538/11973/12034/17713/69597/110323/68198/66142/59040/170718/407785/14194/108664/18674/66925/66416/66495/15108/67264/69046/235339/11740/12858/67680/110842/66091/67130/26926/11370/11655/76614/66694/66383/64655/14148/70316/66377/67530/12859/11757/225887/78920","I27"
"HALLMARK_PROTEIN_SECRETION1","HALLMARK_PROTEIN_SECRETION","HALLMARK_PROTEIN_SECRETION",94,0.345424319057497,1.34788861412054,0.0518061282349731,0.0740087546213901,0.0249292647145735,6079,"tags=53%, list=36%, signal=34%","20844/12176/14420/21985/110651/12512/11777/54214/56418/66471/271457/66251/56041/19334/70349/11840/20479/59021/72736/11773/69608/211286/18484/12390/99889/20404/56334/213827/53331/20619/74006/13649/67830/11605/13032/22319/76332/20333/108664/108123/14683/11928/56382/16004/11487/12757/17113/50797/208449/67300","I27"
"HALLMARK_ANDROGEN_RESPONSE1","HALLMARK_ANDROGEN_RESPONSE","HALLMARK_ANDROGEN_RESPONSE",95,0.332514070135202,1.30597073396374,0.0642857142857143,0.0868725868725869,0.0292623450518187,2526,"tags=24%, list=15%, signal=21%","56847/65112/67760/192657/20393/20229/11504/20807/15357/21985/67268/229055/109711/110651/208715/17132/20603/107652/71371/14679/27362/76687/83397","I27"
"HALLMARK_XENOBIOTIC_METABOLISM1","HALLMARK_XENOBIOTIC_METABOLISM","HALLMARK_XENOBIOTIC_METABOLISM",166,0.302193331344324,1.26653686843429,0.0631313131313131,0.0868725868725869,0.0292623450518187,1779,"tags=17%, list=10%, signal=15%","18787/18815/22271/15368/11529/13836/14857/11670/12583/23872/55942/72269/108037/104158/209027/105349/21366/19662/14102/67103/18104/14528/12927/74142/13076/228608/53328/14415","I27"
"HALLMARK_ANGIOGENESIS1","HALLMARK_ANGIOGENESIS","HALLMARK_ANGIOGENESIS",32,0.448091031555552,1.39845414515943,0.0672645739910314,0.0885060184092518,0.0298125535694322,1602,"tags=25%, list=9%, signal=23%","21824/22339/24059/18590/20750/16449/11818/20855","I27"
"HALLMARK_BILE_ACID_METABOLISM1","HALLMARK_BILE_ACID_METABOLISM","HALLMARK_BILE_ACID_METABOLISM",90,-0.353144242525086,-1.31108293945116,0.0764006791171477,0.0979495886117278,0.0329935456376346,6386,"tags=58%, list=38%, signal=36%","66887/16818/104086/56690/71382/18634/18400/16596/29815/15926/17999/14712/269951/224824/13116/319554/433256/76267/56794/54338/69129/14711/71877/13123/26874/11835/67993/212503/18642/74043/66307/64008/16922/26358/11305/56473/13850/27410/192663/27404/108096/11303/19193/11666/19301/74754/74114/217262/13371/81879/12642/170442","I27"
"HALLMARK_APICAL_JUNCTION1","HALLMARK_APICAL_JUNCTION","HALLMARK_APICAL_JUNCTION",178,0.283564860260692,1.20492303118268,0.105793450881612,0.132241813602015,0.0445446108975209,2784,"tags=24%, list=16%, signal=20%","12740/11459/386463/68794/60533/12798/14677/11465/22793/98932/68810/18417/26415/11461/17698/17886/18613/16412/14012/18175/22330/12550/22323/109711/12563/22629/21843/60595/244864/13383/74769/264064/73178/58235/76709/100017/58998/65964/108100/20909/15461/56217/18643","I27"
"HALLMARK_MITOTIC_SPINDLE1","HALLMARK_MITOTIC_SPINDLE","HALLMARK_MITOTIC_SPINDLE",197,0.269443712434475,1.17434243229727,0.12280701754386,0.149764655541292,0.0504470418665406,3271,"tags=24%, list=19%, signal=19%","71819/71704/233406/18817/12442/11799/208628/72119/67141/12927/17886/19158/78514/114713/16906/11845/22137/16800/23924/22330/12125/66406/192176/76073/20878/68743/60595/72333/13383/110033/73178/223435/218977/21844/217232/18080/78757/17118/214137/229841/269713/226525/11308/30948/75547/16573/17973","I27"
"HALLMARK_KRAS_SIGNALING_DN1","HALLMARK_KRAS_SIGNALING_DN","HALLMARK_KRAS_SIGNALING_DN",121,0.256155975042575,1.03709291364656,0.378109452736318,0.45013030087657,0.151622838190002,2334,"tags=21%, list=14%, signal=18%","14573/57385/18227/23919/18788/20393/20482/12227/13614/14748/259277/20665/11944/98363/17769/14760/14570/116903/12021/18205/12824/60345/64242/16008/13528","I27"
"HALLMARK_PANCREAS_BETA_CELLS1","HALLMARK_PANCREAS_BETA_CELLS","HALLMARK_PANCREAS_BETA_CELLS",21,-0.375993779978211,-1.04800128293359,0.391459074733096,0.455184970619879,0.153325463787749,4189,"tags=38%, list=25%, signal=29%","56458/77766/18549/12652/18508/16909/22337/18548","I27"
"HALLMARK_APICAL_SURFACE1","HALLMARK_APICAL_SURFACE","HALLMARK_APICAL_SURFACE",35,0.317984161009481,1.01982749607251,0.434004474272931,0.478361049889802,0.161132143120775,1761,"tags=14%, list=10%, signal=13%","18793/54670/51795/15507/73379","I27"
"HALLMARK_SPERMATOGENESIS1","HALLMARK_SPERMATOGENESIS","HALLMARK_SPERMATOGENESIS",83,0.267999266638277,1.01075672526369,0.434889434889435,0.478361049889802,0.161132143120775,2446,"tags=18%, list=14%, signal=16%","12442/12672/27214/54137/14056/21351/22137/11861/215387/14415/20878/19087/14245/17776/93759","I27"
"HALLMARK_WNT_BETA_CATENIN_SIGNALING1","HALLMARK_WNT_BETA_CATENIN_SIGNALING","HALLMARK_WNT_BETA_CATENIN_SIGNALING",38,0.309264414137191,1.00294139718533,0.440092165898617,0.478361049889802,0.161132143120775,2928,"tags=24%, list=17%, signal=20%","17869/14677/15214/16449/27373/103806/19664/18132/12005","I27"
"HALLMARK_PEROXISOME1","HALLMARK_PEROXISOME","HALLMARK_PEROXISOME",87,0.227808456514595,0.867235006248205,0.73697270471464,0.784013515653872,0.26408876316762,3759,"tags=23%, list=22%, signal=18%","12904/19305/26889/12042/50790/18458/20437/22629/12785/13870/18671/18477/15461/20238/101502/13385/12359/20479/15356/16413","I27"
"HALLMARK_NOTCH_SIGNALING1","HALLMARK_NOTCH_SIGNALING","HALLMARK_NOTCH_SIGNALING",30,-0.257155862033318,-0.773215908211214,0.81508078994614,0.849042489527229,0.285993259630225,4156,"tags=30%, list=24%, signal=23%","14357/207521/18128/21416/22418/18131/109689/18129/16848","I27"
"HALLMARK_ADIPOGENESIS1","HALLMARK_ADIPOGENESIS","HALLMARK_ADIPOGENESIS",193,0.159116628823139,0.691400840185219,1,1,0.336842105263158,3016,"tags=16%, list=18%, signal=13%","13197/109019/12452/223775/66878/16890/108954/268301/21351/22190/18641/102693/11861/14778/22057/29864/12053/19285/18984/22628/27362/330064/74185/22272/12675/19043/66092/11637/66588/16404","I27"
"HALLMARK_FATTY_ACID_METABOLISM1","HALLMARK_FATTY_ACID_METABOLISM","HALLMARK_FATTY_ACID_METABOLISM",142,0.154241528553731,0.632381146289402,1,1,0.336842105263158,2035,"tags=11%, list=12%, signal=10%","13807/11529/11670/20194/16828/67956/16852/107605/51788/50790/13076/17319/18263/22629/208715/20603","I27"
